[
  { "ID": 4032, "Name": "D470K DTR", "BrandID": 5 },
  { "ID": 3277, "Name": "CLS400", "BrandID": 5 },
  { "ID": 3229, "Name": "D900T", "BrandID": 5 },
  { "ID": 3063, "Name": "M400A", "BrandID": 5 },
  { "ID": 2298, "Name": "M375EW AMM", "BrandID": 5 },
  { "ID": 727, "Name": "D410V", "BrandID": 5 },
  { "ID": 491, "Name": "410V", "BrandID": 5 },
  { "ID": 949932, "Name": "MW-MG20P", "BrandID": 6 },
  { "ID": 948445, "Name": "32WD3A63DA", "BrandID": 6 },
  { "ID": 947824, "Name": "OPS Android Player TD-EBV1-/tuner", "BrandID": 6 },
  { "ID": 947220, "Name": "24W2963DAX", "BrandID": 6 },
  { "ID": 946147, "Name": "43L3869DAS", "BrandID": 6 },
  { "ID": 942937, "Name": "Wireless SDHC 8GB Flash Air", "BrandID": 6 },
  { "ID": 942088, "Name": "Portégé Z30-E-13J (Core i5)", "BrandID": 6 },
  { "ID": 941744, "Name": "MG07SCA12TE", "BrandID": 6 },
  { "ID": 941742, "Name": "MG06SCA800E", "BrandID": 6 },
  { "ID": 941740, "Name": "MG06SCA10TE", "BrandID": 6 },
  { "ID": 941738, "Name": "AL14SXB90EN", "BrandID": 6 },
  { "ID": 941736, "Name": "900GB SAS", "BrandID": 6 },
  { "ID": 941734, "Name": "4TB SATAIII", "BrandID": 6 },
  { "ID": 941732, "Name": "1TB 3.5\" 7.2k SATA", "BrandID": 6 },
  { "ID": 940220, "Name": "4TB SAS 7200 rpm", "BrandID": 6 },
  { "ID": 939993, "Name": "MG08", "BrandID": 6 },
  { "ID": 939990, "Name": "Canvio Slim 2TB", "BrandID": 6 },
  { "ID": 939987, "Name": "Canvio Slim 1TB", "BrandID": 6 },
  { "ID": 938378, "Name": "58U2963DB", "BrandID": 6 },
  { "ID": 935951, "Name": "MQ03ABB200", "BrandID": 6 },
  { "ID": 934044, "Name": "X300", "BrandID": 6 },
  { "ID": 933574, "Name": "Exceria Pro - N401", "BrandID": 6 },
  { "ID": 931152, "Name": "X300 12TB", "BrandID": 6 },
  {
    "ID": 928617,
    "Name": "X300 Performance 3.5'' 14000 GB SATA III",
    "BrandID": 6
  },
  { "ID": 928615, "Name": "X300 8TB", "BrandID": 6 },
  { "ID": 928613, "Name": "X300 Performance Hard Drive 12 TB", "BrandID": 6 },
  { "ID": 928611, "Name": "X300 3.5'' 10000 GB SATA", "BrandID": 6 },
  {
    "ID": 928609,
    "Name": "VideoStream V300 Bulk 3.5'' 1000 GB SATA III",
    "BrandID": 6
  },
  {
    "ID": 928607,
    "Name": "2TB Desk Internal HDD 5700RPM 64MB V300",
    "BrandID": 6
  },
  { "ID": 928605, "Name": "10TB S300 Surveillance Hard Drive", "BrandID": 6 },
  { "ID": 928603, "Name": "8TB S300 Surveillance Hard Drive", "BrandID": 6 },
  {
    "ID": 928601,
    "Name": "S300 Surveillance 3.5'' 6000 GB SATA III",
    "BrandID": 6
  },
  { "ID": 928599, "Name": "5TB S300 Surveillance Hard Drive", "BrandID": 6 },
  { "ID": 928597, "Name": "4TB S300 Surveillance Hard Drive ", "BrandID": 6 },
  { "ID": 928595, "Name": "14TB N300 NAS HDD 7200 rpm 3,5 inch", "BrandID": 6 },
  { "ID": 928593, "Name": "12TB N300 NAS HDD 7200 rpm 3,5 inch", "BrandID": 6 },
  { "ID": 928591, "Name": "N300 10 TB", "BrandID": 6 },
  {
    "ID": 928589,
    "Name": "interne harde schijf 3.5\" 14000 GB SATA",
    "BrandID": 6
  },
  { "ID": 928587, "Name": "8TB ENTERPRISE", "BrandID": 6 },
  { "ID": 928585, "Name": "MG04 6TB", "BrandID": 6 },
  {
    "ID": 928583,
    "Name": "externe harde schijf Canvio Basics - 2TB",
    "BrandID": 6
  },
  { "ID": 928472, "Name": "PA5114E-1AC3", "BrandID": 6 },
  { "ID": 928365, "Name": "Canvio Premium 1 TB", "BrandID": 6 },
  { "ID": 928363, "Name": "Canvio Basics Exclusive 4TB", "BrandID": 6 },
  { "ID": 928361, "Name": "Canvio Basics Exclusive 2TB", "BrandID": 6 },
  { "ID": 928359, "Name": "Canvio Basics Exclusive 1TB", "BrandID": 6 },
  { "ID": 928357, "Name": "Canvio Basics 1 TB", "BrandID": 6 },
  { "ID": 928355, "Name": "Canvio Basics 4TB", "BrandID": 6 },
  { "ID": 928353, "Name": "CANVIO BASICS 2,5\" 500GB", "BrandID": 6 },
  { "ID": 928349, "Name": "Canvio Alu 500 GB", "BrandID": 6 },
  { "ID": 948648, "Name": "3.0GHz 800MHz 2MB L2 Cache Xeon", "BrandID": 7 },
  { "ID": 944774, "Name": "E5-2609 v2 4C 2.5GHz", "BrandID": 7 },
  { "ID": 943181, "Name": "Brocade 16Gb FC 1-port HBA", "BrandID": 7 },
  { "ID": 942863, "Name": "NetXtreme II 1000 Express Quad Port", "BrandID": 7 },
  {
    "ID": 942861,
    "Name": "NetXtreme II 1000 Express Ethernet adapter",
    "BrandID": 7
  },
  { "ID": 942859, "Name": "I340-T4", "BrandID": 7 },
  { "ID": 942857, "Name": "8Gb FC 1-port HBA", "BrandID": 7 },
  { "ID": 942855, "Name": "10GbE VFA II", "BrandID": 7 },
  { "ID": 940903, "Name": "8GB PC3L-12800", "BrandID": 7 },
  { "ID": 939965, "Name": "8GB (1x8GB, 2Rx4, 1.35V)", "BrandID": 7 },
  { "ID": 939963, "Name": "16GB (1x16GB, 2Rx4, 1.35V)", "BrandID": 7 },
  { "ID": 939481, "Name": "EXP3000", "BrandID": 7 },
  { "ID": 934027, "Name": "1TB SATA II 3.5 HD Single", "BrandID": 7 },
  { "ID": 930399, "Name": "8GB PC3-12800", "BrandID": 7 },
  {
    "ID": 930397,
    "Name": "46W0708 8GB DDR3 1600MHz ECC geheugenmodule",
    "BrandID": 7
  },
  { "ID": 930395, "Name": "32GB TruDDR4 PC4-17000", "BrandID": 7 },
  { "ID": 930393, "Name": "16GB PC3L-8500", "BrandID": 7 },
  { "ID": 927678, "Name": "DS4200 1TB, 7200 RPM SATA", "BrandID": 7 },
  { "ID": 927676, "Name": "73GB Ultra320 SCSI", "BrandID": 7 },
  { "ID": 927674, "Name": "600GB 10K 6Gbps SAS 2.5\" G3HS", "BrandID": 7 },
  { "ID": 927672, "Name": "300GB SAS 2.5\"", "BrandID": 7 },
  { "ID": 927670, "Name": "300GB SAS", "BrandID": 7 },
  { "ID": 927668, "Name": "300GB 3.5\" 15K SAS 6Gb/s", "BrandID": 7 },
  { "ID": 927666, "Name": "1TB 7.2K NL-SATA 2.5\" G3HS", "BrandID": 7 },
  { "ID": 927664, "Name": "146GB SAS", "BrandID": 7 },
  { "ID": 927662, "Name": "146GB 2.5\" 10k SAS", "BrandID": 7 },
  { "ID": 907812, "Name": "8GB TruDDR4 PC4-17000", "BrandID": 7 },
  {
    "ID": 907810,
    "Name": "4GB 1333MHz DDR3 4GB DDR3 1333MHz ECC",
    "BrandID": 7
  },
  {
    "ID": 907808,
    "Name": "4GB (2Rx8, 1.5V) PC3-12800 DDR3-1600 LP UDIMM",
    "BrandID": 7
  },
  { "ID": 907806, "Name": "8 GB, (1 x 8 GB),  DDR3, 1333 MHz", "BrandID": 7 },
  { "ID": 907804, "Name": "32GB DDR3 1866MHz ECC", "BrandID": 7 },
  { "ID": 907802, "Name": "16 GB DDR3 1600 MHz ECC", "BrandID": 7 },
  { "ID": 907800, "Name": "16GB PC3-8500", "BrandID": 7 },
  {
    "ID": 907798,
    "Name": "16GB (1x16GB, 2Rx4, 1.5V) PC3-12800 CL11 ECC DDR3 1600MHz LP RDIMM",
    "BrandID": 7
  },
  { "ID": 907796, "Name": "8 GB DDR3 1600 MHz ECC", "BrandID": 7 },
  { "ID": 907794, "Name": "8GB DDR3 1866MHz ECC", "BrandID": 7 },
  { "ID": 907792, "Name": "4GB DDR3 1600MHz ECC", "BrandID": 7 },
  { "ID": 880400, "Name": "Type-A 2.0", "BrandID": 7 },
  { "ID": 880398, "Name": "VMware ESXi 4.1", "BrandID": 7 },
  { "ID": 779750, "Name": "Intel Xeon E5-2420", "BrandID": 7 },
  { "ID": 772610, "Name": "Intel Xeon E5-2603 v2", "BrandID": 7 },
  { "ID": 762632, "Name": "Lenovo ServeRAID M5200 Series 1GB", "BrandID": 7 },
  { "ID": 728331, "Name": "Xeon E7-4830", "BrandID": 7 },
  { "ID": 690503, "Name": "Computermuis", "BrandID": 7 },
  { "ID": 658788, "Name": "System x3550 M5", "BrandID": 7 },
  { "ID": 950144, "Name": "FWD-75X95H/T", "BrandID": 1 },
  { "ID": 950142, "Name": "FWD-75X80H/T", "BrandID": 1 },
  { "ID": 950140, "Name": "FWD-65X95H/T", "BrandID": 1 },
  { "ID": 950138, "Name": "FWD-65X80H/T", "BrandID": 1 },
  { "ID": 950136, "Name": "FWD-55X95H/T", "BrandID": 1 },
  { "ID": 950134, "Name": "FWD-55X80H/T", "BrandID": 1 },
  { "ID": 950132, "Name": "FWD-55A8/T", "BrandID": 1 },
  { "ID": 949938, "Name": "KD55A87BAEP", "BrandID": 1 },
  { "ID": 949607, "Name": "KD-65XH9096", "BrandID": 1 },
  { "ID": 949553, "Name": "FE 12-24mm F/2.8 GM (SEL1224GM.SYX)", "BrandID": 1 },
  { "ID": 948448, "Name": "X900H 4K HDR", "BrandID": 1 },
  { "ID": 948230, "Name": "RSX-GS9", "BrandID": 1 },
  { "ID": 947770, "Name": "Cyber-shot W DSC-W830", "BrandID": 1 },
  { "ID": 947722, "Name": "XS-MP1621", "BrandID": 1 },
  { "ID": 947216, "Name": "KD85ZH8BAEP", "BrandID": 1 },
  { "ID": 947214, "Name": "KD-65XH9005", "BrandID": 1 },
  { "ID": 947194, "Name": "NW-E393 4 GB", "BrandID": 1 },
  { "ID": 947157, "Name": "Cyber-shot RX DSC-RX1", "BrandID": 1 },
  {
    "ID": 946854,
    "Name": "VCL-HGD0758 High-Grade groothoek-voorzetstuk met 58mm filterschroefdraad",
    "BrandID": 1
  },
  { "ID": 946852, "Name": "FE 70–200 мм F2.8 GM OSS", "BrandID": 1 },
  { "ID": 946749, "Name": "MEX-N7300KIT", "BrandID": 1 },
  { "ID": 945436, "Name": "ICFCD837", "BrandID": 1 },
  { "ID": 945434, "Name": "Bluetooth-speaker met DAB/FM-radio", "BrandID": 1 },
  { "ID": 945163, "Name": "NW S 706 FP 4GB", "BrandID": 1 },
  { "ID": 945161, "Name": "NW S 703 FV, 1GB", "BrandID": 1 },
  { "ID": 944572, "Name": "Bravia X950H/XH95", "BrandID": 1 },
  { "ID": 944365, "Name": "KD-55XH9077", "BrandID": 1 },
  { "ID": 943877, "Name": "SEL55210B.AE", "BrandID": 1 },
  { "ID": 943436, "Name": "VF-49CPAM", "BrandID": 1 },
  { "ID": 943042, "Name": "Bravia A8H/AH8", "BrandID": 1 },
  { "ID": 942925, "Name": "VPL-FHZ70", "BrandID": 1 },
  {
    "ID": 942688,
    "Name": "256 GB SD kaart SF-M Serie UHS-II U3 V60 277MB/s",
    "BrandID": 1
  },
  { "ID": 942663, "Name": "PS4 1TB Jet", "BrandID": 1 },
  { "ID": 940712, "Name": "PS3 draadloos", "BrandID": 1 },
  { "ID": 940693, "Name": "KD65A85BAEP", "BrandID": 1 },
  { "ID": 940691, "Name": "KD55A85BAEP", "BrandID": 1 },
  { "ID": 940689, "Name": "KD-75ZH8", "BrandID": 1 },
  { "ID": 940468, "Name": "KD-85XH9096", "BrandID": 1 },
  { "ID": 940466, "Name": "KD-65XH9299", "BrandID": 1 },
  { "ID": 940025, "Name": "A8H 4K HDR", "BrandID": 1 },
  { "ID": 939836, "Name": "KD-55XH9299", "BrandID": 1 },
  { "ID": 939834, "Name": "KD-55XH9005", "BrandID": 1 },
  { "ID": 939832, "Name": "KD-65A89", "BrandID": 1 },
  { "ID": 939500, "Name": "Alpha A7 III", "BrandID": 1 },
  { "ID": 939059, "Name": "KD-65A8", "BrandID": 1 },
  { "ID": 939057, "Name": "KD43XH8596BAEP", "BrandID": 1 },
  { "ID": 938580, "Name": "KD-55A8", "BrandID": 1 },
  { "ID": 938535, "Name": "KD49XH8596BAEP", "BrandID": 1 },
  { "ID": 937700, "Name": "KD-75XH9096", "BrandID": 1 },
  { "ID": 937661, "Name": "FDR-AX43 4K", "BrandID": 1 },
  { "ID": 505632, "Name": "Evo N1020v (Pentium 4)", "BrandID": 2 },
  { "ID": 434215, "Name": "WF1907v", "BrandID": 2 },
  { "ID": 351760, "Name": "Presario CQ58-d03SD", "BrandID": 2 },
  { "ID": 311280, "Name": "Presario cq57-401sd (B1Q18EA)", "BrandID": 2 },
  { "ID": 263784, "Name": "Presario CQ58-276SD", "BrandID": 2 },
  { "ID": 263782, "Name": "Presario CQ58-206SD", "BrandID": 2 },
  { "ID": 263780, "Name": "Presario CQ58-203SD", "BrandID": 2 },
  { "ID": 140486, "Name": "Presario CQ57", "BrandID": 2 },
  { "ID": 106413, "Name": "CQ57", "BrandID": 2 },
  { "ID": 97034, "Name": "CQ56", "BrandID": 2 },
  { "ID": 95392, "Name": "Presario CQ56-187SD", "BrandID": 2 },
  { "ID": 85875, "Name": "6730b (GB987ET)", "BrandID": 2 },
  { "ID": 85874, "Name": "8710w (T7500/2048MB/120GB)", "BrandID": 2 },
  {
    "ID": 85873,
    "Name": "8510w (T7500/2048MB/120GB/Win XP Pro)",
    "BrandID": 2
  },
  { "ID": 85872, "Name": "6710b (T7100/1024MB/80GB)", "BrandID": 2 },
  { "ID": 84360, "Name": "Mini CQ10-501SD", "BrandID": 2 },
  { "ID": 83257, "Name": "6735s", "BrandID": 2 },
  { "ID": 83025, "Name": "Presario C770ED ", "BrandID": 2 },
  { "ID": 82985, "Name": "6820s", "BrandID": 2 },
  { "ID": 82984, "Name": "6715s", "BrandID": 2 },
  { "ID": 82983, "Name": "6720s", "BrandID": 2 },
  { "ID": 82982, "Name": "8710p", "BrandID": 2 },
  { "ID": 82898, "Name": "Presario CQ61-105ED (NU729EA) ", "BrandID": 2 },
  { "ID": 82853, "Name": "Mini 700ED", "BrandID": 2 },
  { "ID": 82828, "Name": "Presario CQ70-130ED", "BrandID": 2 },
  { "ID": 82818, "Name": "Presario CQ60-100ED", "BrandID": 2 },
  { "ID": 69677, "Name": "Presario CQ62-210SD", "BrandID": 2 },
  { "ID": 69675, "Name": "Presario CQ62-200SD", "BrandID": 2 },
  { "ID": 58973, "Name": "Pressario CQ71-450sb ", "BrandID": 2 },
  { "ID": 58948, "Name": "Presario CQ61-330SB", "BrandID": 2 },
  { "ID": 58946, "Name": "Presario CQ61-310sb Start2Surf@Home ", "BrandID": 2 },
  { "ID": 58945, "Name": "Presario CQ71-330eb Start2Surf@Home ", "BrandID": 2 },
  { "ID": 58940, "Name": "Presario CQ71-330ED (VT852EA) ", "BrandID": 2 },
  { "ID": 58924, "Name": "Presario CQ61-300eb Start2Surf@Home ", "BrandID": 2 },
  { "ID": 53343, "Name": "Presario CQ61-320sb", "BrandID": 2 },
  { "ID": 52692, "Name": "Presario CQ62-a10SD", "BrandID": 2 },
  { "ID": 41112, "Name": "Presario CQ61-430SD", "BrandID": 2 },
  { "ID": 41016, "Name": "615", "BrandID": 2 },
  { "ID": 40958, "Name": "Presario CQ61-445ED", "BrandID": 2 },
  { "ID": 40957, "Name": "Presario CQ61-405ED", "BrandID": 2 },
  { "ID": 40758, "Name": "Presario CQ61-330SD", "BrandID": 2 },
  { "ID": 40724, "Name": "Presario CQ5320-m", "BrandID": 2 },
  { "ID": 40668, "Name": "8710w", "BrandID": 2 },
  { "ID": 31488, "Name": "Dubbel opgevoerd ", "BrandID": 2 },
  { "ID": 31476, "Name": "Mini 110c", "BrandID": 2 },
  { "ID": 31420, "Name": "6830s ", "BrandID": 2 },
  { "ID": 31312, "Name": "Presario CQ71", "BrandID": 2 },
  { "ID": 31283, "Name": "Presario CQ61", "BrandID": 2 },
  { "ID": 31245, "Name": "Mini 311c", "BrandID": 2 },
  { "ID": 29136, "Name": "Presario CQ61-240ED", "BrandID": 2 },
  { "ID": 950404, "Name": "DeskJet Plus 4120 All-in-One", "BrandID": 3 },
  { "ID": 950063, "Name": "ProBook 455 G7-175W8EA", "BrandID": 3 },
  { "ID": 949951, "Name": "DeskJet 2721", "BrandID": 3 },
  { "ID": 949949, "Name": "DeskJet 2720", "BrandID": 3 },
  { "ID": 949604, "Name": "Envy X360 13 (AMD Ryzen 4000)", "BrandID": 3 },
  { "ID": 949463, "Name": "OMEN 15-ek (Core i7)", "BrandID": 3 },
  { "ID": 949455, "Name": "17-ca (Athlon)", "BrandID": 3 },
  { "ID": 949449, "Name": "17-ca (AMD A4)", "BrandID": 3 },
  { "ID": 949030, "Name": "CB350", "BrandID": 3 },
  { "ID": 948758, "Name": "Spectre 13 x360 (2020)", "BrandID": 3 },
  { "ID": 948646, "Name": "Intel Xeon 3.2GHz", "BrandID": 3 },
  { "ID": 948644, "Name": "307103-001", "BrandID": 3 },
  { "ID": 948377, "Name": "ScanJet Pro 3000 S4", "BrandID": 3 },
  { "ID": 948325, "Name": "Neverstop Laser 1201n", "BrandID": 3 },
  { "ID": 947273, "Name": "27WM", "BrandID": 3 },
  { "ID": 947228, "Name": "Xeon 5150 2,66 GHz 4 MB L2", "BrandID": 3 },
  { "ID": 947226, "Name": "Intel Xeon 3GHz", "BrandID": 3 },
  { "ID": 638770, "Name": "3650 M5", "BrandID": 7 },
  { "ID": 633843, "Name": "3550 M5", "BrandID": 7 },
  { "ID": 621789, "Name": "LCD UPS Network Management Card", "BrandID": 7 },
  { "ID": 620378, "Name": "73GB 10K 3.5\" SAS Hot-Swap HDD", "BrandID": 7 },
  { "ID": 608435, "Name": "E5-2620 v2", "BrandID": 7 },
  { "ID": 950852, "Name": "VivoBook 15 X571LH (Core i5)", "BrandID": 8 },
  { "ID": 950847, "Name": "A509JA (Core i3)", "BrandID": 8 },
  { "ID": 950509, "Name": "TUF H310M-PLUS Gaming R2.0", "BrandID": 8 },
  { "ID": 950507, "Name": "TUF Gaming Z490-PLUS (WI-FI)", "BrandID": 8 },
  { "ID": 950505, "Name": "TUF Gaming Z490-PLUS", "BrandID": 8 },
  { "ID": 950503, "Name": "TUF GAMING H470-PRO", "BrandID": 8 },
  { "ID": 950501, "Name": "TUF GAMING B460-PRO (WI-FI)", "BrandID": 8 },
  { "ID": 950499, "Name": "TUF GAMING B460M-PLUS (WI-FI)", "BrandID": 8 },
  { "ID": 950497, "Name": "ROG STRIX Z490-H GAMING", "BrandID": 8 },
  { "ID": 950495, "Name": "ROG STRIX Z490-G GAMING (Wi-Fi)", "BrandID": 8 },
  { "ID": 950493, "Name": "ROG STRIX Z490-F GAMING", "BrandID": 8 },
  { "ID": 950491, "Name": "ROG STRIX Z490-A Gaming", "BrandID": 8 },
  { "ID": 950489, "Name": "ROG STRIX B460-I GAMING", "BrandID": 8 },
  { "ID": 950487, "Name": "ROG STRIX B460-H GAMING", "BrandID": 8 },
  { "ID": 950485, "Name": "ROG STRIX B460-G GAMING", "BrandID": 8 },
  { "ID": 950483, "Name": "ROG Strix B460-F Gaming", "BrandID": 8 },
  { "ID": 950481, "Name": "ProArt Z490-CREATOR 10G", "BrandID": 8 },
  { "ID": 950479, "Name": "Pro Q470M-C/CSM", "BrandID": 8 },
  { "ID": 950477, "Name": "PRIME Z490-P", "BrandID": 8 },
  { "ID": 950475, "Name": "PRIME Z490M-PLUS", "BrandID": 8 },
  { "ID": 950473, "Name": "PRIME Z490-A", "BrandID": 8 },
  { "ID": 950471, "Name": "PRIME H470-PLUS", "BrandID": 8 },
  { "ID": 950469, "Name": "Prime H470M-PLUS", "BrandID": 8 },
  { "ID": 950467, "Name": "PRIME H410M-K", "BrandID": 8 },
  { "ID": 950465, "Name": "PRIME H410M-E", "BrandID": 8 },
  { "ID": 950463, "Name": "PRIME H410M-D", "BrandID": 8 },
  { "ID": 950461, "Name": "PRIME H410M-A", "BrandID": 8 },
  { "ID": 950459, "Name": "PRIME B460-PLUS", "BrandID": 8 },
  { "ID": 950457, "Name": "PRIME B460M-K", "BrandID": 8 },
  { "ID": 950096, "Name": "BE24EQK", "BrandID": 8 },
  { "ID": 950094, "Name": "90LM0420-B01370", "BrandID": 8 },
  { "ID": 950065, "Name": "VivoBook S15 S533FA", "BrandID": 8 },
  { "ID": 949429, "Name": "ZenBook Flip 14 UX461FN (Core i7)", "BrandID": 8 },
  { "ID": 949424, "Name": "X409UA (Core i3)", "BrandID": 8 },
  { "ID": 949422, "Name": "VivoBook S330UA (Core i7)", "BrandID": 8 },
  { "ID": 949420, "Name": "VivoBook S14 S433JQ (Core i7)", "BrandID": 8 },
  { "ID": 949417, "Name": "VivoBook S13 S333JQ (Core i7)", "BrandID": 8 },
  { "ID": 949414, "Name": "VivoBook S13 S333JA (Core i7)", "BrandID": 8 },
  { "ID": 949412, "Name": "VivoBook Flip TP401MA (Pentium)", "BrandID": 8 },
  { "ID": 949409, "Name": "VivoBook 17 X712FB (Core i5)", "BrandID": 8 },
  { "ID": 949406, "Name": "VivoBook 15 X571LI (Core i7)", "BrandID": 8 },
  { "ID": 949403, "Name": "VivoBook 15 P1504JA (Core i7)", "BrandID": 8 },
  { "ID": 949399, "Name": "VivoBook 15 P1504JA (Core i5)", "BrandID": 8 },
  { "ID": 949397, "Name": "VivoBook 15 K571LH (Core i7)", "BrandID": 8 },
  { "ID": 949395, "Name": "VivoBook 15 F512DA (AMD Ryzen 7)", "BrandID": 8 },
  { "ID": 949393, "Name": "VivoBook 15 F512DA (AMD Ryzen 5)", "BrandID": 8 },
  { "ID": 949391, "Name": "Vivobook 14 X413FA (Core i3)", "BrandID": 8 },
  { "ID": 949389, "Name": "VivoBook 14 F413FA (Core i5)", "BrandID": 8 },
  { "ID": 949385, "Name": "VIVOBOOK 15 S512JA (Core i5)", "BrandID": 8 },
  { "ID": 949383, "Name": "ROG Zephyrus GX531GX (Core i7)", "BrandID": 8 },
  { "ID": 950866, "Name": "LIFEBOOK U939X (Core i7)", "BrandID": 13 },
  { "ID": 950864, "Name": "LIFEBOOK E449 (Core i7)", "BrandID": 13 },
  { "ID": 948642, "Name": "Xeon Bronze 3104", "BrandID": 13 },
  { "ID": 948640, "Name": "Intel Xeon E5603", "BrandID": 13 },
  { "ID": 947070, "Name": "KB955", "BrandID": 13 },
  { "ID": 944996, "Name": "ScaleoView C19-9", "BrandID": 13 },
  { "ID": 944772, "Name": "Intel Xeon 4214", "BrandID": 13 },
  { "ID": 944514, "Name": "PRIMERGY TX1330 M4 TX1330M4", "BrandID": 13 },
  { "ID": 944117, "Name": "4x1Gb T LoM", "BrandID": 13 },
  { "ID": 944015, "Name": "S26361-F3300-L311", "BrandID": 13 },
  { "ID": 941985, "Name": "Intel Xeon Silver 4112", "BrandID": 13 },
  { "ID": 941646, "Name": "8GB DDR3 DIMM", "BrandID": 13 },
  { "ID": 941644, "Name": "4GB (1x4GB) 1Rx4 L DDR3-1333 R ECC", "BrandID": 13 },
  { "ID": 939515, "Name": "Esprimo P758 (Core i3)", "BrandID": 13 },
  { "ID": 936133, "Name": "FUTRO S920", "BrandID": 13 },
  { "ID": 935437, "Name": "ESPRIMO G558 (Core i5)", "BrandID": 13 },
  { "ID": 935150, "Name": "ESPRIMO P958 (Core i7)", "BrandID": 13 },
  { "ID": 935147, "Name": "ESPRIMO P958 (Core i5)", "BrandID": 13 },
  { "ID": 934023, "Name": "S26361-F5531-L560", "BrandID": 13 },
  { "ID": 934021, "Name": "S26361-F3955-L200", "BrandID": 13 },
  { "ID": 934019, "Name": "500GB HDD 7.2K 3.5\"", "BrandID": 13 },
  { "ID": 934017, "Name": "500 GB SATA III HDD 7.2K", "BrandID": 13 },
  { "ID": 934015, "Name": "1000 GB SATA III HDD 7.2K", "BrandID": 13 },
  { "ID": 933975, "Name": "16GB DDR4-2666", "BrandID": 13 },
  { "ID": 933191, "Name": "2x1Gbit Cu Intel I350-T2", "BrandID": 13 },
  { "ID": 931148, "Name": "S26361-F5600-L100", "BrandID": 13 },
  { "ID": 930266, "Name": "S26361-F3395-L3", "BrandID": 13 },
  { "ID": 927539, "Name": "S26361-F5636-L100", "BrandID": 13 },
  { "ID": 927537, "Name": "600GB SAS 12G 15K", "BrandID": 13 },
  { "ID": 927535, "Name": "2000 GB SATA III HDD 7.2K", "BrandID": 13 },
  { "ID": 927533, "Name": "146GB 2.5\" SAS", "BrandID": 13 },
  { "ID": 926592, "Name": "S26391-F1416-L520", "BrandID": 13 },
  { "ID": 926590, "Name": "S26391-F1246-L549", "BrandID": 13 },
  { "ID": 925794, "Name": "ESPRIMO P558 (Core i5)", "BrandID": 13 },
  { "ID": 925792, "Name": "ESPRIMO D538 (Core i5)", "BrandID": 13 },
  { "ID": 920595, "Name": "P27-9 TS QHD", "BrandID": 13 },
  { "ID": 914896, "Name": "B27-9 TE QHD", "BrandID": 13 },
  { "ID": 914894, "Name": "B27-9 TE FHD", "BrandID": 13 },
  { "ID": 913759, "Name": "B27-9 TS QHD", "BrandID": 13 },
  { "ID": 907346, "Name": "8GB PC3-12800", "BrandID": 13 },
  { "ID": 907344, "Name": "S26361-F4101-L5", "BrandID": 13 },
  { "ID": 907342, "Name": "S26361-F3909-L616", "BrandID": 13 },
  { "ID": 907340, "Name": "S26361-F3909-L615", "BrandID": 13 },
  { "ID": 907338, "Name": "S26361-F3395-L4", "BrandID": 13 },
  { "ID": 907336, "Name": "S26361-F3392-L5", "BrandID": 13 },
  { "ID": 907334, "Name": "8GB DDR4-2133 MHz", "BrandID": 13 },
  { "ID": 907332, "Name": "8GB (1x8GB) 2Rx4 L DDR3-1600 R ECC", "BrandID": 13 },
  { "ID": 907330, "Name": "4GB DDR4-2133 MHz", "BrandID": 13 },
  { "ID": 907328, "Name": "16GB PC4-2133R", "BrandID": 13 },
  { "ID": 907326, "Name": "16GB PC4-17000", "BrandID": 13 },
  { "ID": 944986, "Name": "E2200HDA", "BrandID": 14 },
  { "ID": 939758, "Name": "EW800ST", "BrandID": 14 },
  { "ID": 939716, "Name": "HT2050A", "BrandID": 14 },
  { "ID": 937281, "Name": "EW600", "BrandID": 14 },
  { "ID": 937279, "Name": "EH600", "BrandID": 14 },
  { "ID": 934857, "Name": "TH685", "BrandID": 14 },
  { "ID": 932054, "Name": "GS2", "BrandID": 14 },
  { "ID": 932052, "Name": "TK810", "BrandID": 14 },
  { "ID": 931731, "Name": "LU951", "BrandID": 14 },
  { "ID": 930589, "Name": "TK810 4K", "BrandID": 14 },
  { "ID": 920603, "Name": "TK850 ", "BrandID": 14 },
  { "ID": 920424, "Name": "W100", "BrandID": 14 },
  { "ID": 915362, "Name": "EW3280U", "BrandID": 14 },
  { "ID": 911935, "Name": "GW2780E 27 inch", "BrandID": 14 },
  { "ID": 906272, "Name": "SW321C", "BrandID": 14 },
  { "ID": 901205, "Name": "TH585", "BrandID": 14 },
  { "ID": 889447, "Name": "EW2480", "BrandID": 14 },
  { "ID": 888258, "Name": "ZOWIE XL2540", "BrandID": 14 },
  { "ID": 887415, "Name": "EW2780U", "BrandID": 14 },
  { "ID": 883004, "Name": "XL2731", "BrandID": 14 },
  { "ID": 883002, "Name": "ST4301K", "BrandID": 14 },
  { "ID": 883000, "Name": "GL2780", "BrandID": 14 },
  { "ID": 882998, "Name": "GL2480", "BrandID": 14 },
  { "ID": 882996, "Name": "GL2450E", "BrandID": 14 },
  { "ID": 882994, "Name": "EW3270UE -4K Monitor", "BrandID": 14 },
  { "ID": 882992, "Name": "BL2783", "BrandID": 14 },
  { "ID": 882990, "Name": "BL2483T", "BrandID": 14 },
  { "ID": 882988, "Name": "BL2483", "BrandID": 14 },
  { "ID": 876699, "Name": "MU613", "BrandID": 14 },
  { "ID": 876222, "Name": "BH3801", "BrandID": 14 },
  { "ID": 874391, "Name": "TK800M", "BrandID": 14 },
  { "ID": 874389, "Name": "MX731", "BrandID": 14 },
  { "ID": 874387, "Name": "MX570", "BrandID": 14 },
  { "ID": 874385, "Name": "MW732", "BrandID": 14 },
  { "ID": 874383, "Name": "MW707", "BrandID": 14 },
  { "ID": 871970, "Name": "SU754+", "BrandID": 14 },
  { "ID": 870400, "Name": "EX2780Q -WQHD", "BrandID": 14 },
  { "ID": 865981, "Name": "XL2546", "BrandID": 14 },
  { "ID": 863849, "Name": "SW270C", "BrandID": 14 },
  { "ID": 859341, "Name": "GW2480T", "BrandID": 14 },
  { "ID": 856765, "Name": "RP8601K", "BrandID": 14 },
  { "ID": 854366, "Name": "W5700", "BrandID": 14 },
  { "ID": 853894, "Name": "RP7501K", "BrandID": 14 },
  { "ID": 850768, "Name": "W1720", "BrandID": 14 },
  { "ID": 850766, "Name": "PX9510", "BrandID": 14 },
  { "ID": 850764, "Name": "MX808ST", "BrandID": 14 },
  { "ID": 850762, "Name": "MW855UST+", "BrandID": 14 },
  { "ID": 850760, "Name": "MS630ST", "BrandID": 14 },
  { "ID": 850758, "Name": "MH856UST+", "BrandID": 14 },
  { "ID": 850756, "Name": "LU951ST", "BrandID": 14 },
  { "ID": 716342, "Name": "iMedia S I3840 NL (Celeron)", "BrandID": 15 },
  { "ID": 639479, "Name": "EasyNote TE70BH (Celeron)", "BrandID": 15 },
  { "ID": 576140, "Name": "EasyNote LG81BA (Celeron)", "BrandID": 15 },
  { "ID": 575057, "Name": "Laptop US 7431870023", "BrandID": 15 },
  { "ID": 575055, "Name": "BE keyboard 7437730013 AEPE1B00010", "BrandID": 15 },
  { "ID": 562400, "Name": "KB.I170G.028", "BrandID": 15 },
  { "ID": 551932, "Name": "KB.I170G.110", "BrandID": 15 },
  { "ID": 551930, "Name": "KB.I170G.012", "BrandID": 15 },
  { "ID": 551928, "Name": "KB.I170A.267", "BrandID": 15 },
  { "ID": 549358, "Name": "KB.I170G.183", "BrandID": 15 },
  { "ID": 549356, "Name": "KB.I170G.100", "BrandID": 15 },
  { "ID": 549354, "Name": "KB.I170G.094", "BrandID": 15 },
  { "ID": 548859, "Name": "OneTwo S A3300 NL (AMD E)", "BrandID": 15 },
  { "ID": 548857, "Name": "iMedia S I2602 NL (Celeron)", "BrandID": 15 },
  {
    "ID": 537436,
    "Name": "EasyNote LG71BM-1145NL8.1 Intel Celeron",
    "BrandID": 15
  },
  { "ID": 502431, "Name": "KB.I170G.018", "BrandID": 15 },
  { "ID": 499235, "Name": "EasyNote TG71BM (Celeron)", "BrandID": 15 },
  {
    "ID": 495530,
    "Name": "EasyNote LG71BM-1141NL8 Intel Celeron",
    "BrandID": 15
  },
  { "ID": 479516, "Name": "iMedia S I5622 NL (Core i5)", "BrandID": 15 },
  { "ID": 479514, "Name": "iMedia S A4620 NL (AMD A4)", "BrandID": 15 },
  { "ID": 479511, "Name": "iMedia S A3622 BE (AMD E)", "BrandID": 15 },
  { "ID": 479509, "Name": "iMedia S A3621 NL1 (*AMD E)", "BrandID": 15 },
  { "ID": 479507, "Name": "iMedia S A2600 NL (AMD E)", "BrandID": 15 },
  {
    "ID": 461463,
    "Name": "EasyNote LE69KB-1145NL8 AMD E1-1200",
    "BrandID": 15
  },
  {
    "ID": 457564,
    "Name": "Easynote TF71BM-C8R1 (Celeron N2830)",
    "BrandID": 15
  },
  { "ID": 434288, "Name": "LV11HC2445G2NL8 Core i5", "BrandID": 15 },
  { "ID": 434286, "Name": "Easynote LE69KB-1243NL8.1 AMD E2", "BrandID": 15 },
  { "ID": 428191, "Name": "Viseo 273 Dbmd LED", "BrandID": 15 },
  {
    "ID": 411062,
    "Name": "EasyNote TE69HW-29574G50Mnsk (Intel Celeron)",
    "BrandID": 15
  },
  { "ID": 396152, "Name": "LE69KB-1241NL8.1 AMD", "BrandID": 15 },
  { "ID": 396150, "Name": "EasyNote TE69KB-1143NL8.1nO AMD", "BrandID": 15 },
  { "ID": 396148, "Name": "EASYNOTE TE69KB-1143NL8 AMD", "BrandID": 15 },
  { "ID": 394746, "Name": "EasyNote LE69KB-23804G50Mnsk", "BrandID": 15 },
  { "ID": 391430, "Name": "oneTwo S A5210 NL AMD A-series", "BrandID": 15 },
  { "ID": 391428, "Name": "iMedia S A3608 NL Dual-core", "BrandID": 15 },
  { "ID": 388205, "Name": "S A3621 NL AMD E", "BrandID": 15 },
  { "ID": 380615, "Name": "OneTwo S A5200", "BrandID": 15 },
  {
    "ID": 380323,
    "Name": "EasyNote LE69KB-1143NL8.1 AMD Dual Core",
    "BrandID": 15
  },
  { "ID": 373913, "Name": "203DXb", "BrandID": 15 },
  { "ID": 373265, "Name": "PB wireless optical mouse", "BrandID": 15 },
  { "ID": 372795, "Name": "EasyNote TV44CR-1247NL8", "BrandID": 15 },
  { "ID": 372793, "Name": "EasyNote TE69KB-1145NL8nO", "BrandID": 15 },
  { "ID": 372789, "Name": "EasyNote TE69-HW1443NL8no", "BrandID": 15 },
  {
    "ID": 372788,
    "Name": "EasyNote TE69CXP-1245NL8 Intel Pentium",
    "BrandID": 15
  },
  { "ID": 371597, "Name": "S I4618 NL Intel Core i3", "BrandID": 15 },
  { "ID": 371595, "Name": "S A3620 NL AMD Radeon HD 8240", "BrandID": 15 },
  { "ID": 371397, "Name": "EasyNote ME69BMP", "BrandID": 15 },
  { "ID": 371395, "Name": "EasyNote LV44CR-1245NL8", "BrandID": 15 },
  { "ID": 371393, "Name": "EasyNote LE69KB-1145NL8", "BrandID": 15 },
  { "ID": 371391, "Name": "EasyNote LE69KB-1143NL8", "BrandID": 15 },
  { "ID": 838332, "Name": "Phone (2019)", "BrandID": 16 },
  { "ID": 803318, "Name": "Palm (2018)", "BrandID": 16 },
  { "ID": 470293, "Name": "Bluetooth mini handset", "BrandID": 16 },
  { "ID": 83386, "Name": "Pre 2", "BrandID": 16 },
  { "ID": 49588, "Name": "Treo 750", "BrandID": 16 },
  { "ID": 24267, "Name": "Pixi Plus", "BrandID": 16 },
  { "ID": 20207, "Name": "Pre Plus", "BrandID": 16 },
  { "ID": 19565, "Name": "Pixi", "BrandID": 16 },
  { "ID": 16670, "Name": "Pre", "BrandID": 16 },
  { "ID": 13608, "Name": "Treo 800W", "BrandID": 16 },
  { "ID": 13483, "Name": "Treo Pro", "BrandID": 16 },
  { "ID": 11674, "Name": "Centro", "BrandID": 16 },
  { "ID": 10654, "Name": "Treo 755p", "BrandID": 16 },
  { "ID": 10198, "Name": "Treo 500V", "BrandID": 16 },
  { "ID": 8719, "Name": "Treo 680", "BrandID": 16 },
  { "ID": 7560, "Name": "Treo 750V", "BrandID": 16 },
  { "ID": 6361, "Name": "Treo 700W", "BrandID": 16 },
  { "ID": 4175, "Name": "Zire 22", "BrandID": 16 },
  { "ID": 4148, "Name": "TX", "BrandID": 16 },
  { "ID": 3682, "Name": "LiveDrive", "BrandID": 16 },
  { "ID": 3038, "Name": "Treo 600", "BrandID": 16 },
  { "ID": 2998, "Name": "Tungsten E2", "BrandID": 16 },
  { "ID": 2234, "Name": "Tungsten T5", "BrandID": 16 },
  { "ID": 2167, "Name": "TJX", "BrandID": 16 },
  { "ID": 369, "Name": "Zire 31", "BrandID": 16 },
  { "ID": 366, "Name": "Zire 72", "BrandID": 16 },
  { "ID": 253, "Name": "Tungsten T", "BrandID": 16 },
  { "ID": 75, "Name": "Tungsten W", "BrandID": 16 },
  { "ID": 73, "Name": "Tungsten T2", "BrandID": 16 },
  { "ID": 64, "Name": "Tungsten C", "BrandID": 16 },
  { "ID": 43, "Name": "Zire 21", "BrandID": 16 },
  { "ID": 42, "Name": "Zire 71", "BrandID": 16 },
  { "ID": 40, "Name": "Tungsten E", "BrandID": 16 },
  { "ID": 37, "Name": "Zire", "BrandID": 16 },
  { "ID": 33, "Name": "Tungsten T3", "BrandID": 16 },
  { "ID": 30230, "Name": "glofiish X800", "BrandID": 21 },
  { "ID": 30170, "Name": "glofiish M800", "BrandID": 21 },
  { "ID": 30162, "Name": "glofiish X650", "BrandID": 21 },
  { "ID": 14558, "Name": "Sound 102", "BrandID": 21 },
  { "ID": 14423, "Name": "X610", "BrandID": 21 },
  { "ID": 13482, "Name": "V900", "BrandID": 21 },
  { "ID": 12196, "Name": "glofiish M810", "BrandID": 21 },
  { "ID": 11668, "Name": "M800", "BrandID": 21 },
  { "ID": 11332, "Name": "X600", "BrandID": 21 },
  { "ID": 10700, "Name": "X800", "BrandID": 21 },
  { "ID": 9304, "Name": "glofiish M700", "BrandID": 21 },
  { "ID": 8879, "Name": "M600+", "BrandID": 21 },
  { "ID": 8876, "Name": "X500", "BrandID": 21 },
  { "ID": 8700, "Name": "G500", "BrandID": 21 },
  { "ID": 6368, "Name": "M600", "BrandID": 21 },
  { "ID": 3683, "Name": "M500", "BrandID": 21 },
  { "ID": 936, "Name": "P700", "BrandID": 21 },
  { "ID": 121960, "Name": "IAD WLan 4421", "BrandID": 22 },
  { "ID": 18181, "Name": "Xda Venn", "BrandID": 22 },
  { "ID": 17094, "Name": "XDA Flint", "BrandID": 22 },
  { "ID": 16855, "Name": "XDA Guide", "BrandID": 22 },
  { "ID": 15329, "Name": "Xda Serra", "BrandID": 22 },
  { "ID": 14180, "Name": "XDA Zest", "BrandID": 22 },
  { "ID": 12735, "Name": "XDA Atom Life", "BrandID": 22 },
  { "ID": 11956, "Name": "XDA Atmos", "BrandID": 22 },
  { "ID": 11405, "Name": "Xda Star", "BrandID": 22 },
  { "ID": 10892, "Name": "XDA Stellar", "BrandID": 22 },
  { "ID": 10507, "Name": "Xda Orbit", "BrandID": 22 },
  { "ID": 10506, "Name": "XDA Argon", "BrandID": 22 },
  { "ID": 10250, "Name": "Xda Terra", "BrandID": 22 },
  { "ID": 9172, "Name": "Jet", "BrandID": 22 },
  { "ID": 8810, "Name": "Xda Comet", "BrandID": 22 },
  { "ID": 8127, "Name": "XDA IQ", "BrandID": 22 },
  { "ID": 7828, "Name": "XM", "BrandID": 22 },
  { "ID": 7823, "Name": "Digital Music Player", "BrandID": 22 },
  { "ID": 7279, "Name": "Ice", "BrandID": 22 },
  { "ID": 6774, "Name": "XDA Exec", "BrandID": 22 },
  { "ID": 6386, "Name": "X2i", "BrandID": 22 },
  { "ID": 4314, "Name": "X4", "BrandID": 22 },
  { "ID": 4165, "Name": "X7 Slider", "BrandID": 22 },
  { "ID": 4164, "Name": "XDA Phone", "BrandID": 22 },
  { "ID": 3738, "Name": "XDA MINI S", "BrandID": 22 },
  { "ID": 3029, "Name": "XDA IIi", "BrandID": 22 },
  { "ID": 2710, "Name": "XDAIIs", "BrandID": 22 },
  { "ID": 822, "Name": "X1", "BrandID": 22 },
  { "ID": 779, "Name": "XDA II", "BrandID": 22 },
  { "ID": 92, "Name": "xda", "BrandID": 22 },
  { "ID": 947460, "Name": "XL 650", "BrandID": 23 },
  { "ID": 947458, "Name": "F530", "BrandID": 23 },
  { "ID": 947111, "Name": "1SE (2020)", "BrandID": 23 },
  { "ID": 947106, "Name": "3X (2020)", "BrandID": 23 },
  { "ID": 944076, "Name": "3088", "BrandID": 23 },
  { "ID": 943747, "Name": "2053", "BrandID": 23 },
  { "ID": 931845, "Name": "1SE / 2020", "BrandID": 23 },
  { "ID": 928377, "Name": "1S / 2020", "BrandID": 23 },
  { "ID": 925959, "Name": "1B / 2020", "BrandID": 23 },
  { "ID": 913785, "Name": "Smart Tab 7 WiFi", "BrandID": 23 },
  { "ID": 903745, "Name": "20.19", "BrandID": 23 },
  { "ID": 901914, "Name": "XL575", "BrandID": 23 },
  { "ID": 898522, "Name": "1V (2019)", "BrandID": 23 },
  { "ID": 897542, "Name": "IE 4034", "BrandID": 23 },
  { "ID": 881098, "Name": "1C (2019)", "BrandID": 23 },
  { "ID": 878262, "Name": "T26", "BrandID": 23 },
  { "ID": 878260, "Name": "IP2115", "BrandID": 23 },
  { "ID": 878258, "Name": "IP15", "BrandID": 23 },
  { "ID": 875817, "Name": "10.16 Dual Sim", "BrandID": 23 },
  { "ID": 872346, "Name": "MW40VD", "BrandID": 23 },
  { "ID": 871594, "Name": "3026", "BrandID": 23 },
  { "ID": 868189, "Name": "3C (2019)", "BrandID": 23 },
  { "ID": 853264, "Name": "1T7 Family - Kindertablet - 8GB", "BrandID": 23 },
  { "ID": 852690, "Name": "EU 1066 geschikt voor senioren", "BrandID": 23 },
  { "ID": 849456, "Name": "Temporis IP301G", "BrandID": 23 },
  { "ID": 849282, "Name": "1X (2019)", "BrandID": 23 },
  { "ID": 849064, "Name": "5V 5060D", "BrandID": 23 },
  { "ID": 848256, "Name": "Temporis IP151", "BrandID": 23 },
  { "ID": 848254, "Name": "OmniTouch 4135 IP", "BrandID": 23 },
  { "ID": 848252, "Name": "8018", "BrandID": 23 },
  { "ID": 848250, "Name": "Temporis IP701G", "BrandID": 23 },
  { "ID": 848248, "Name": "Temporis IP700G", "BrandID": 23 },
  { "ID": 848246, "Name": "Temporis IP251G", "BrandID": 23 },
  { "ID": 848244, "Name": "Temporis IP150", "BrandID": 23 },
  { "ID": 848135, "Name": "3 (2019)", "BrandID": 23 },
  { "ID": 848132, "Name": "1S / 2019", "BrandID": 23 },
  { "ID": 843365, "Name": "Conference 1800", "BrandID": 23 },
  { "ID": 843363, "Name": "Conference 1500", "BrandID": 23 },
  { "ID": 841118, "Name": "F380-S Duo", "BrandID": 23 },
  { "ID": 838678, "Name": "Temporis 580", "BrandID": 23 },
  { "ID": 838391, "Name": "U3 2018 - 3G", "BrandID": 23 },
  { "ID": 828707, "Name": "TMAX 10", "BrandID": 23 },
  { "ID": 828704, "Name": "Temporis 380", "BrandID": 23 },
  { "ID": 828702, "Name": "T06", "BrandID": 23 },
  { "ID": 828700, "Name": "Lucent 8039 Premium DeskPhone", "BrandID": 23 },
  { "ID": 828698, "Name": "IP Touch 4018", "BrandID": 23 },
  { "ID": 828696, "Name": "D135", "BrandID": 23 },
  { "ID": 821822, "Name": "Baby Link 710", "BrandID": 23 },
  { "ID": 821665, "Name": "10.66 Dual Sim", "BrandID": 23 },
  { "ID": 807685, "Name": "1E", "BrandID": 23 },
  { "ID": 950354, "Name": "OLED CX TV", "BrandID": 24 },
  { "ID": 950116, "Name": "Ergo 27QN880", "BrandID": 24 },
  { "ID": 950114, "Name": "24MT49VF-PZ.API", "BrandID": 24 },
  { "ID": 950112, "Name": "24ML600S-W", "BrandID": 24 },
  { "ID": 949764, "Name": "OK75", "BrandID": 24 },
  { "ID": 949614, "Name": "GBB92STAXP", "BrandID": 24 },
  { "ID": 949085, "Name": "OLED55CX6LA.AEU", "BrandID": 24 },
  { "ID": 949081, "Name": "DSN10YG", "BrandID": 24 },
  { "ID": 948353, "Name": "PH30N", "BrandID": 24 },
  { "ID": 947551, "Name": "PC12SQ airco", "BrandID": 24 },
  { "ID": 946823, "Name": "UltraGear 38GN950", "BrandID": 24 },
  { "ID": 946821, "Name": "34WN650-W", "BrandID": 24 },
  { "ID": 945825, "Name": "SL6Y", "BrandID": 24 },
  { "ID": 945000, "Name": "24BK450H-B", "BrandID": 24 },
  { "ID": 944894, "Name": "OLED77GX6LA", "BrandID": 24 },
  { "ID": 944767, "Name": "L1100", "BrandID": 24 },
  { "ID": 943912, "Name": "Velvet", "BrandID": 24 },
  { "ID": 943131, "Name": "PL7.DEUSLLK", "BrandID": 24 },
  { "ID": 943129, "Name": "PL5.DEUSLLK", "BrandID": 24 },
  { "ID": 943127, "Name": "OLED65GX6LA.AEU", "BrandID": 24 },
  { "ID": 943125, "Name": "OLED65CX6LA.AEU", "BrandID": 24 },
  { "ID": 943123, "Name": "OLED65B9SLA.AEU", "BrandID": 24 },
  { "ID": 943121, "Name": "OLED55GX6LA.AEU", "BrandID": 24 },
  { "ID": 943119, "Name": "OLED55B9SLA.AEU", "BrandID": 24 },
  { "ID": 943117, "Name": "NanoCell 65SM8050PLC.AEU", "BrandID": 24 },
  { "ID": 943115, "Name": "NanoCell 55SM8050PLC.AEU", "BrandID": 24 },
  { "ID": 942553, "Name": "SN7CY", "BrandID": 24 },
  { "ID": 942309, "Name": "OLED55CX6LA(2020)", "BrandID": 24 },
  { "ID": 941132, "Name": "70UN71006LA", "BrandID": 24 },
  { "ID": 941130, "Name": "60UN71006LB", "BrandID": 24 },
  { "ID": 940933, "Name": "50UN81006LB", "BrandID": 24 },
  { "ID": 940741, "Name": "32QN600", "BrandID": 24 },
  { "ID": 940739, "Name": "32MN500M", "BrandID": 24 },
  { "ID": 940737, "Name": "29WN600-W", "BrandID": 24 },
  { "ID": 940714, "Name": "DSN7Y", "BrandID": 24 },
  { "ID": 940683, "Name": "NanoCell 86NANO906NA", "BrandID": 24 },
  { "ID": 940460, "Name": "43UN73906LE", "BrandID": 24 },
  { "ID": 939828, "Name": "49SM8050PLC", "BrandID": 24 },
  { "ID": 947079, "Name": "Pro 10 EE G1", "BrandID": 3 },
  { "ID": 945842, "Name": "2020 Envy x360 13", "BrandID": 3 },
  { "ID": 945798, "Name": "Envy x360 13-ay0010nr", "BrandID": 3 },
  { "ID": 945742, "Name": "Intel Xeon X5550", "BrandID": 3 },
  { "ID": 945740, "Name": "Intel Xeon Gold 6152", "BrandID": 3 },
  { "ID": 944998, "Name": "S430c", "BrandID": 3 },
  { "ID": 944854, "Name": "Envy 13 (2020)", "BrandID": 3 },
  { "ID": 944814, "Name": "ENVY 6032", "BrandID": 3 },
  { "ID": 944367, "Name": "DL145G3", "BrandID": 3 },
  { "ID": 943661, "Name": "14s-dq (Core i7)", "BrandID": 3 },
  { "ID": 943333, "Name": "2020 HP Envy x360 15 Core i7", "BrandID": 3 },
  { "ID": 943247, "Name": "Pavilion x360 15-dq1958nd (Core i5)", "BrandID": 3 },
  { "ID": 943244, "Name": "Pavilion x360 15-dq1956nd (Core i5)", "BrandID": 3 },
  { "ID": 943242, "Name": "Pavilion x360 14-dw0651nd (Core i5)", "BrandID": 3 },
  { "ID": 943240, "Name": "Pavilion x360 14-dw0650nd (Core i5)", "BrandID": 3 },
  { "ID": 943238, "Name": "Pavilion x360 14-dh1978nd (Core i7)", "BrandID": 3 },
  { "ID": 943236, "Name": "Pavilion x360 14-dh1977nd (Core i7)", "BrandID": 3 },
  {
    "ID": 943234,
    "Name": "Pavilion 15-cw0900nd (AMD A9-Series APUs)",
    "BrandID": 3
  },
  { "ID": 943232, "Name": "ENVY x360 15-ed0985nd (Core i7)", "BrandID": 3 },
  { "ID": 943230, "Name": "ENVY x360 13-ay0002nd (AMD Ryzen 7)", "BrandID": 3 },
  { "ID": 942979, "Name": "1420-24G-2SFP", "BrandID": 3 },
  { "ID": 942848, "Name": "Intel Gigabit CT desktop NIC", "BrandID": 3 },
  { "ID": 942846, "Name": "AJ764A", "BrandID": 3 },
  { "ID": 942844, "Name": "779793-B21", "BrandID": 3 },
  { "ID": 942777, "Name": "Pavilion 15-cs3978nd (Core i7)", "BrandID": 3 },
  { "ID": 942775, "Name": "OMEN 15-en0110nd (AMD Ryzen 5)", "BrandID": 3 },
  {
    "ID": 942773,
    "Name": "800 EliteBook 850 G4 notebook pc (ENERGY STAR) Core i5",
    "BrandID": 3
  },
  { "ID": 942438, "Name": "Spectre x360 13-ap0121ng (Core i7)", "BrandID": 3 },
  { "ID": 942436, "Name": "ProBook 600 650 G4 (Core i5)", "BrandID": 3 },
  { "ID": 942434, "Name": "Pavilion 15-cs3023nd (Core i7)", "BrandID": 3 },
  { "ID": 942432, "Name": "Pavilion 15-cs3022nd (Core i5)", "BrandID": 3 },
  { "ID": 942430, "Name": "Pavilion 15-cs3021nd (Core i5)", "BrandID": 3 },
  { "ID": 942418, "Name": "OfficeConnect 1405 5G v3", "BrandID": 3 },
  { "ID": 949065, "Name": "IK 1620-21", "BrandID": 4 },
  { "ID": 949063, "Name": "CTP 3016 Comfort", "BrandID": 4 },
  { "ID": 949061, "Name": "CT 2531-21", "BrandID": 4 },
  { "ID": 949059, "Name": "CNef 3915-21", "BrandID": 4 },
  { "ID": 949057, "Name": "CNef 3515-21", "BrandID": 4 },
  { "ID": 949020, "Name": "GP 1376 Premium", "BrandID": 4 },
  { "ID": 949018, "Name": "GN 5235-21", "BrandID": 4 },
  { "ID": 948592, "Name": "CNef 4015 Comfort NoFrost", "BrandID": 4 },
  { "ID": 948373, "Name": "CN 4313-24", "BrandID": 4 },
  { "ID": 947848, "Name": "CNel 4713-23", "BrandID": 4 },
  { "ID": 947846, "Name": "CNEF 3115 - 21", "BrandID": 4 },
  { "ID": 947789, "Name": "GSL 1223 - 21", "BrandID": 4 },
  { "ID": 947187, "Name": "CNP 4813-23", "BrandID": 4 },
  { "ID": 945704, "Name": "CUEl 2331-21", "BrandID": 4 },
  { "ID": 945702, "Name": "UIKO 1560-21", "BrandID": 4 },
  { "ID": 944888, "Name": "CT 2931", "BrandID": 4 },
  { "ID": 944886, "Name": "CN 3515-21", "BrandID": 4 },
  { "ID": 943635, "Name": "GP 2433 Comfort", "BrandID": 4 },
  { "ID": 943610, "Name": "CN 4835-21", "BrandID": 4 },
  { "ID": 943608, "Name": "CBNef 4835-21", "BrandID": 4 },
  { "ID": 943606, "Name": "CBN 4835-21", "BrandID": 4 },
  { "ID": 942659, "Name": "CN 5735-21", "BrandID": 4 },
  { "ID": 942218, "Name": "CUEL 2831-21", "BrandID": 4 },
  { "ID": 941105, "Name": "UK 1720 Comfort", "BrandID": 4 },
  { "ID": 938460, "Name": "TP 1724", "BrandID": 4 },
  { "ID": 937455, "Name": "SWTNes 4265-20", "BrandID": 4 },
  { "ID": 930214, "Name": "GKPV 1470-43/924", "BrandID": 4 },
  { "ID": 929295, "Name": "IKP 1960-60", "BrandID": 4 },
  { "ID": 928001, "Name": "GG 4010 | 382L", "BrandID": 4 },
  { "ID": 927999, "Name": "GG 5260 | 513L", "BrandID": 4 },
  { "ID": 927997, "Name": "GG 4060-40 | 382L", "BrandID": 4 },
  { "ID": 927995, "Name": "Profi Line | GGPv 6590 | 601L", "BrandID": 4 },
  { "ID": 927993, "Name": "Profi Line | GGPv 1470 | 1427L", "BrandID": 4 },
  { "ID": 927991, "Name": "Profi Line | BGPv 8420 | 856L", "BrandID": 4 },
  { "ID": 927989, "Name": "Profi Line | BGPv 6520 | 601L", "BrandID": 4 },
  { "ID": 927987, "Name": "Pro Line | BGPv 8470 | 856L", "BrandID": 4 },
  { "ID": 927985, "Name": "Profi Line | BGPv 6570 | 601L", "BrandID": 4 },
  { "ID": 927983, "Name": "Profi Line | GKPv 6577 | 464L", "BrandID": 4 },
  { "ID": 927981, "Name": "Profi Line | GGPv 6577 | 464L", "BrandID": 4 },
  { "ID": 927979, "Name": "Profi Line | GKPv 6590 | 601L", "BrandID": 4 },
  { "ID": 927977, "Name": "Profi Line | GKPv 6570 | 601L", "BrandID": 4 },
  { "ID": 927976, "Name": "Profi Line |GKPv 6570 | 601L", "BrandID": 4 },
  { "ID": 927974, "Name": "GKvesf 4145-22 | 601L", "BrandID": 4 },
  { "ID": 927972, "Name": "BKPv 8470-42 ProfiLine| 856L", "BrandID": 4 },
  { "ID": 927970, "Name": "BKPv 6570-43 | 601L", "BrandID": 4 },
  { "ID": 927968, "Name": "Gastronorm | GGvbs 5060-42 | 486L", "BrandID": 4 },
  { "ID": 927966, "Name": "Gastronorm | GKvbs 5760-23 | 586L", "BrandID": 4 },
  { "ID": 927467, "Name": "TP 1760-22", "BrandID": 4 },
  { "ID": 925992, "Name": "CNEF 4313-22", "BrandID": 4 },
  { "ID": 925368, "Name": "FV 913-40 | 93L", "BrandID": 4 },
  { "ID": 950845, "Name": "TravelMate P257-M (Core i5)", "BrandID": 9 },
  { "ID": 950843, "Name": "TravelMate P2 TMP214-52 (Core i7)", "BrandID": 9 },
  { "ID": 950840, "Name": "TravelMate P2 TMP214-52 (Core i5)", "BrandID": 9 },
  { "ID": 950836, "Name": "Chromebook C933T (Celeron)", "BrandID": 9 },
  { "ID": 950834, "Name": "Chromebook 714 CB714-1W (Pentium)", "BrandID": 9 },
  { "ID": 950831, "Name": "Aspire 3 A317 (Core i5)", "BrandID": 9 },
  { "ID": 950357, "Name": "Nitro 5 AN517 (2020) Core i7", "BrandID": 9 },
  { "ID": 950092, "Name": "V7 V277bmix", "BrandID": 9 },
  { "ID": 950090, "Name": "V6 V226HQL", "BrandID": 9 },
  { "ID": 950088, "Name": "V246HQLC", "BrandID": 9 },
  { "ID": 950086, "Name": "SA0 SA270Abi", "BrandID": 9 },
  { "ID": 950084, "Name": "SA0 SA240YA", "BrandID": 9 },
  { "ID": 950082, "Name": "SA0 SA230Abi", "BrandID": 9 },
  { "ID": 950080, "Name": "Nitro XF252Q", "BrandID": 9 },
  { "ID": 950078, "Name": "NITRO VG1 VG271P", "BrandID": 9 },
  { "ID": 950076, "Name": "Nitro EI431CRP", "BrandID": 9 },
  { "ID": 950074, "Name": "K2 KG241QBII", "BrandID": 9 },
  { "ID": 950072, "Name": "EK240YA", "BrandID": 9 },
  { "ID": 950070, "Name": "EK220QABI", "BrandID": 9 },
  { "ID": 950068, "Name": "B7 B277bmiprx", "BrandID": 9 },
  { "ID": 950066, "Name": "B7 B227Qbmiprx", "BrandID": 9 },
  { "ID": 939509, "Name": "DSN9YG", "BrandID": 24 },
  { "ID": 939437, "Name": "P09EN-PC09SQ", "BrandID": 24 },
  { "ID": 939051, "Name": "NanoCell 65NANO816NA", "BrandID": 24 },
  { "ID": 939049, "Name": "NanoCell 55NANO816NA", "BrandID": 24 },
  { "ID": 939047, "Name": "NanoCell 49NANO816NA", "BrandID": 24 },
  { "ID": 938531, "Name": "NanoCell 75NANO906NA", "BrandID": 24 },
  { "ID": 938529, "Name": "65NANO956LA", "BrandID": 24 },
  { "ID": 937776, "Name": "49UN73906LE", "BrandID": 24 },
  { "ID": 937696, "Name": "OLED48CX6LB", "BrandID": 24 },
  { "ID": 937625, "Name": "DC24RQ Deluxe", "BrandID": 24 },
  { "ID": 937439, "Name": "SN11RG", "BrandID": 24 },
  { "ID": 936586, "Name": "OLED65CX6LA", "BrandID": 24 },
  { "ID": 948588, "Name": "C601", "BrandID": 25 },
  { "ID": 947904, "Name": "One 4+", "BrandID": 25 },
  { "ID": 943822, "Name": "MDC150", "BrandID": 25 },
  { "ID": 943753, "Name": "Moto G6 Plus", "BrandID": 25 },
  { "ID": 941959, "Name": "Razr 2019", "BrandID": 25 },
  { "ID": 940981, "Name": "Moto G Fast", "BrandID": 25 },
  { "ID": 940980, "Name": "Moto E (2020)", "BrandID": 25 },
  { "ID": 939752, "Name": "Peekaboo-W", "BrandID": 25 },
  { "ID": 939750, "Name": "MBP485", "BrandID": 25 },
  { "ID": 939748, "Name": "Comfort Connect 60", "BrandID": 25 },
  { "ID": 939746, "Name": "Comfort Connect 40", "BrandID": 25 },
  { "ID": 938385, "Name": "Moto 360 (2020)", "BrandID": 25 },
  { "ID": 937370, "Name": "Moto G Pro", "BrandID": 25 },
  { "ID": 936478, "Name": "Comfort Connect 45", "BrandID": 25 },
  { "ID": 935937, "Name": "MBP 481XL", "BrandID": 25 },
  { "ID": 935935, "Name": "MBP 169", "BrandID": 25 },
  { "ID": 935933, "Name": "Comfort Connect 85", "BrandID": 25 },
  { "ID": 935931, "Name": "Comfort 75", "BrandID": 25 },
  { "ID": 935929, "Name": "Comfort 35", "BrandID": 25 },
  { "ID": 933161, "Name": "Edge Plus ", "BrandID": 25 },
  { "ID": 932557, "Name": "Tech3 Wireless", "BrandID": 25 },
  { "ID": 932491, "Name": "Moto G8", "BrandID": 25 },
  { "ID": 932087, "Name": "Edge", "BrandID": 25 },
  { "ID": 930858, "Name": "Moto G Power", "BrandID": 25 },
  { "ID": 930857, "Name": "Moto G Stylus", "BrandID": 25 },
  { "ID": 930854, "Name": "G Stylus", "BrandID": 25 },
  { "ID": 927293, "Name": "Moto G8 Power Lite", "BrandID": 25 },
  { "ID": 921139, "Name": "Moto E6s", "BrandID": 25 },
  { "ID": 920067, "Name": "Moto 360 (2019)", "BrandID": 25 },
  { "ID": 912962, "Name": "Razr (2020) ", "BrandID": 25 },
  { "ID": 912323, "Name": "Moto G8 Power", "BrandID": 25 },
  { "ID": 907527, "Name": "Moto One Hyper", "BrandID": 25 },
  { "ID": 902703, "Name": "One Hyper ", "BrandID": 25 },
  { "ID": 892289, "Name": "Razr (2019)", "BrandID": 25 },
  { "ID": 892288, "Name": "Moto One Vision", "BrandID": 25 },
  { "ID": 889324, "Name": "Moto One Macro", "BrandID": 25 },
  { "ID": 881136, "Name": "Moto E6 Plus", "BrandID": 25 },
  { "ID": 881114, "Name": "One Macro", "BrandID": 25 },
  { "ID": 881112, "Name": "One Macro Blue", "BrandID": 25 },
  { "ID": 881109, "Name": "Moto G8 Plus", "BrandID": 25 },
  { "ID": 881107, "Name": "Moto E6 Play", "BrandID": 25 },
  { "ID": 880601, "Name": "TD1002", "BrandID": 25 },
  { "ID": 880599, "Name": "S3012", "BrandID": 25 },
  { "ID": 880596, "Name": "O212", "BrandID": 25 },
  { "ID": 880594, "Name": "O211", "BrandID": 25 },
  { "ID": 880425, "Name": "Moto One Zoom", "BrandID": 25 },
  { "ID": 879648, "Name": "Sonic Play 150", "BrandID": 25 },
  { "ID": 872950, "Name": "MBP621", "BrandID": 25 },
  { "ID": 872038, "Name": "Moto Gamepad", "BrandID": 25 },
  { "ID": 867264, "Name": "One Zoom", "BrandID": 25 },
  { "ID": 671045, "Name": "Sixty Line", "BrandID": 30 },
  { "ID": 590124, "Name": "Sixty Go", "BrandID": 30 },
  { "ID": 587582, "Name": "HL10 FM", "BrandID": 30 },
  { "ID": 154020, "Name": "RCI88-1000", "BrandID": 30 },
  { "ID": 127045, "Name": "Pack DS 189 HD", "BrandID": 30 },
  { "ID": 119292, "Name": "RTI90-320 T2 ", "BrandID": 30 },
  { "ID": 112247, "Name": "DTR67320Tx", "BrandID": 30 },
  { "ID": 109143, "Name": "D14T", "BrandID": 30 },
  { "ID": 91015, "Name": "RCI88-320 KDG", "BrandID": 30 },
  { "ID": 90708, "Name": "DTR94500S", "BrandID": 30 },
  { "ID": 66079, "Name": "RT190-320", "BrandID": 30 },
  { "ID": 64970, "Name": "RT 190-320 ", "BrandID": 30 },
  { "ID": 61778, "Name": "Puma Phone M1", "BrandID": 30 },
  { "ID": 57663, "Name": "Photo Easy 110 WiFi", "BrandID": 30 },
  { "ID": 33065, "Name": "CDP-1100", "BrandID": 30 },
  { "ID": 32175, "Name": "My Web Tuner 500", "BrandID": 30 },
  { "ID": 30389, "Name": "myC5-3", "BrandID": 30 },
  { "ID": 19993, "Name": "DS186HD", "BrandID": 30 },
  { "ID": 19590, "Name": "AgfaPhoto AS1110", "BrandID": 30 },
  { "ID": 19485, "Name": "DTR94250", "BrandID": 30 },
  { "ID": 17421, "Name": "DTR-67500T Eco", "BrandID": 30 },
  { "ID": 15254, "Name": "MY DU@L Radio 700", "BrandID": 30 },
  { "ID": 15059, "Name": "H4", "BrandID": 30 },
  { "ID": 14731, "Name": "DTR64160T", "BrandID": 30 },
  { "ID": 14572, "Name": "ITD64", "BrandID": 30 },
  { "ID": 14571, "Name": "DVR64250T", "BrandID": 30 },
  { "ID": 13345, "Name": "My 231X", "BrandID": 30 },
  { "ID": 13197, "Name": "My234X Forever", "BrandID": 30 },
  { "ID": 11734, "Name": "MY 721X", "BrandID": 30 },
  { "ID": 11114, "Name": "Porsche P9521", "BrandID": 30 },
  { "ID": 10962, "Name": "my 511X", "BrandID": 30 },
  { "ID": 10382, "Name": "MY 150X", "BrandID": 30 },
  { "ID": 9968, "Name": "Easy 270", "BrandID": 30 },
  { "ID": 9963, "Name": "MY 850V", "BrandID": 30 },
  { "ID": 9962, "Name": "my411x", "BrandID": 30 },
  { "ID": 9531, "Name": "My 200c", "BrandID": 30 },
  { "ID": 9293, "Name": "MY 600X", "BrandID": 30 },
  { "ID": 9291, "Name": "MY 215X", "BrandID": 30 },
  { "ID": 9173, "Name": "MY 600v", "BrandID": 30 },
  { "ID": 9027, "Name": "MY 200x", "BrandID": 30 },
  { "ID": 8886, "Name": "MY 401z", "BrandID": 30 },
  { "ID": 8884, "Name": "MY 501c", "BrandID": 30 },
  { "ID": 8867, "Name": "MY 220X", "BrandID": 30 },
  { "ID": 8780, "Name": "my 800x", "BrandID": 30 },
  { "ID": 8779, "Name": "my 6.2", "BrandID": 30 },
  { "ID": 8778, "Name": "my 400", "BrandID": 30 },
  { "ID": 8651, "Name": "MY 501x", "BrandID": 30 },
  { "ID": 8618, "Name": "Photo Easy 270", "BrandID": 30 },
  { "ID": 8472, "Name": "PVR 6240T", "BrandID": 30 },
  { "ID": 8342, "Name": "Simply VS2", "BrandID": 30 },
  { "ID": 950061, "Name": "B7", "BrandID": 9 },
  { "ID": 950059, "Name": "B6 B226HQLymiprx", "BrandID": 9 },
  { "ID": 950057, "Name": "B6 B226HQL", "BrandID": 9 },
  { "ID": 949477, "Name": "Essential X1226AH", "BrandID": 9 },
  { "ID": 948971, "Name": "Swift 3 SF314-57G (Core i5)", "BrandID": 9 },
  { "ID": 948969, "Name": "Swift 3 SF314-42 (AMD Ryzen 5)", "BrandID": 9 },
  { "ID": 948964, "Name": "Nitro 5 AN517-52 (Core i7)", "BrandID": 9 },
  { "ID": 948962, "Name": "Nitro 5 AN515-54 (Core i7)", "BrandID": 9 },
  { "ID": 948959, "Name": "ConceptD 5 CN515-71 (Core i7)", "BrandID": 9 },
  { "ID": 948957, "Name": "Chromebook 714 CB714-1WT (Core i5)", "BrandID": 9 },
  { "ID": 948955, "Name": "Chromebook 315 CB315-3HT (Celeron)", "BrandID": 9 },
  { "ID": 948951, "Name": "CB314-1H (Celeron)", "BrandID": 9 },
  { "ID": 948948, "Name": "Aspire 7 A715-75G (Core i7)", "BrandID": 9 },
  { "ID": 948946, "Name": "Aspire 7 A715-75G (Core i5)", "BrandID": 9 },
  { "ID": 948944, "Name": "Aspire 7 A715-41G (AMD Ryzen 5)", "BrandID": 9 },
  { "ID": 948351, "Name": "P1255", "BrandID": 9 },
  { "ID": 948349, "Name": "Home X1626AH", "BrandID": 9 },
  { "ID": 948194, "Name": "Swift 1 SF114-32-P85Y", "BrandID": 9 },
  { "ID": 947391, "Name": "Predator  Triton 500 (Core i7)", "BrandID": 9 },
  { "ID": 947128, "Name": "Essential X1123HP", "BrandID": 9 },
  { "ID": 946913, "Name": "60.BUL02.001", "BrandID": 9 },
  { "ID": 946911, "Name": "23.N9K02.003", "BrandID": 9 },
  { "ID": 946892, "Name": "Nitro 5 AN515-44", "BrandID": 9 },
  { "ID": 946817, "Name": "SA0 SA220QAbi", "BrandID": 9 },
  { "ID": 944980, "Name": "V7 V247Ybmix", "BrandID": 9 },
  { "ID": 944327, "Name": "CS-6530", "BrandID": 9 },
  { "ID": 944270, "Name": "Nitro 5 AN517-52-77DS", "BrandID": 9 },
  { "ID": 944215, "Name": "PD725P", "BrandID": 9 },
  {
    "ID": 943224,
    "Name": "Predator Helios 500 PT515-51-74E7 (Core i7)",
    "BrandID": 9
  },
  { "ID": 3273, "Name": "Saffier 3500", "BrandID": 10 },
  { "ID": 2295, "Name": "Diamond 2500(PM-735/1700)", "BrandID": 10 },
  { "ID": 43177, "Name": "FAVORIT", "BrandID": 11 },
  { "ID": 12897, "Name": "Belinea B.Book 4", "BrandID": 11 },
  { "ID": 12029, "Name": "Belinea O.book 5", "BrandID": 11 },
  { "ID": 11614, "Name": "Belinea O.Display 4-24 Wide", "BrandID": 11 },
  { "ID": 11607, "Name": "Belinea 0.display 1-19\"wide", "BrandID": 11 },
  { "ID": 10300, "Name": "Belinea 2485 S1W", "BrandID": 11 },
  { "ID": 4029, "Name": "PRO 8100X", "BrandID": 11 },
  { "ID": 4005, "Name": "Pro 600I Select", "BrandID": 11 },
  { "ID": 3274, "Name": "Eco 4200X", "BrandID": 11 },
  { "ID": 3061, "Name": "ECO 4500A", "BrandID": 11 },
  { "ID": 2750, "Name": "Belinea 101735", "BrandID": 11 },
  { "ID": 2679, "Name": "Belinea 10 19 20", "BrandID": 11 },
  { "ID": 2678, "Name": "Belinea 10 19 06", "BrandID": 11 },
  { "ID": 634, "Name": "7000X DVD DE", "BrandID": 11 },
  { "ID": 502, "Name": "Eco 3200", "BrandID": 11 },
  { "ID": 97454, "Name": "Notino D8000i", "BrandID": 12 },
  { "ID": 85158, "Name": "Notino W760C", "BrandID": 12 },
  { "ID": 17577, "Name": "Notino W5900", "BrandID": 12 },
  { "ID": 15143, "Name": "Notino W5800", "BrandID": 12 },
  { "ID": 13907, "Name": "Ultinote G9700", "BrandID": 12 },
  { "ID": 13697, "Name": "Notino µL100", "BrandID": 12 },
  { "ID": 13573, "Name": "Notino D7000SRA", "BrandID": 12 },
  { "ID": 13477, "Name": "D-8000", "BrandID": 12 },
  { "ID": 12725, "Name": "Noyino D2200SR", "BrandID": 12 },
  { "ID": 12469, "Name": "Notino D7000SRL", "BrandID": 12 },
  { "ID": 950861, "Name": "Precision 7540 (Core i7)", "BrandID": 17 },
  { "ID": 950098, "Name": "Professional P2415Q", "BrandID": 17 },
  { "ID": 949606, "Name": "Latitude 7410 (Core i7)", "BrandID": 17 },
  { "ID": 949435, "Name": "XPS 13 7390 (Core i5)", "BrandID": 17 },
  { "ID": 949433, "Name": "Latitude 7410 (Core i5)", "BrandID": 17 },
  { "ID": 944988, "Name": "U2312H", "BrandID": 17 },
  { "ID": 944202, "Name": "PowerEdge T40", "BrandID": 17 },
  { "ID": 944195, "Name": "G5 15 SE 5505 P89F", "BrandID": 17 },
  { "ID": 943457, "Name": "XPS 15 2020 (intel Core i7)", "BrandID": 17 },
  { "ID": 942838, "Name": "Intel X710", "BrandID": 17 },
  { "ID": 942836, "Name": "540-BBIX", "BrandID": 17 },
  { "ID": 942834, "Name": "540-BBGY", "BrandID": 17 },
  { "ID": 942832, "Name": "540-BBDR", "BrandID": 17 },
  {
    "ID": 942830,
    "Name": "540-11143 ingebouwde Ethernet 10000 Mbit/s netwerkkaart",
    "BrandID": 17
  },
  { "ID": 942828, "Name": "406-BBBF", "BrandID": 17 },
  { "ID": 942424, "Name": "Latitude 7000 7490", "BrandID": 17 },
  { "ID": 942422, "Name": "Inspiron 5000 5575", "BrandID": 17 },
  { "ID": 942045, "Name": "XPS 13 9360 (Core i5)", "BrandID": 17 },
  { "ID": 942007, "Name": "P0DTR", "BrandID": 17 },
  { "ID": 942005, "Name": "450-AEBN", "BrandID": 17 },
  { "ID": 941642, "Name": "P9RN2", "BrandID": 17 },
  { "ID": 941640, "Name": "A9781928", "BrandID": 17 },
  { "ID": 941638, "Name": "A8860720", "BrandID": 17 },
  { "ID": 941636, "Name": "8GB DDR4-2133", "BrandID": 17 },
  { "ID": 941634, "Name": "8GB DDR3-1333", "BrandID": 17 },
  { "ID": 941632, "Name": "20D6F 16 GB DDR3L", "BrandID": 17 },
  { "ID": 940982, "Name": "XPS 15 2020 (Intel Core i5)", "BrandID": 17 },
  { "ID": 940315, "Name": "XPS 15 9500 Core i7", "BrandID": 17 },
  { "ID": 939551, "Name": "G5 SE gaming (Ryzen 7)", "BrandID": 17 },
  { "ID": 939034, "Name": "400-ATKN", "BrandID": 17 },
  { "ID": 938641, "Name": "Inspiron 5570 (Outlet) Core i5", "BrandID": 17 },
  { "ID": 938639, "Name": "Inspiron 13-7359 (Core i5)", "BrandID": 17 },
  { "ID": 938612, "Name": "2TB SAS HDD", "BrandID": 17 },
  { "ID": 938383, "Name": "XPS 15 9500 (Core i5)", "BrandID": 17 },
  { "ID": 938116, "Name": "U2719DC", "BrandID": 17 },
  { "ID": 937187, "Name": "400-AMUI", "BrandID": 17 },
  { "ID": 937185, "Name": "400-AMSB", "BrandID": 17 },
  { "ID": 937183, "Name": "400-ALNY", "BrandID": 17 },
  {
    "ID": 936131,
    "Name": "Precision 3000 T3630 FW7V2 (Core i7)",
    "BrandID": 17
  },
  { "ID": 936129, "Name": "OptiPlex 3000 3060 VKYG0 (Core i5)", "BrandID": 17 },
  { "ID": 936099, "Name": "Precision 7000 7740 (Core i7)", "BrandID": 17 },
  { "ID": 935636, "Name": "400-AOWP (600GB)", "BrandID": 17 },
  {
    "ID": 935435,
    "Name": "Precision 3000 T3630 V5Y7N (Core i5)",
    "BrandID": 17
  },
  { "ID": 935391, "Name": "XPS 13 9300 4K UHD (Core i7)", "BrandID": 17 },
  { "ID": 935145, "Name": "OptiPlex 7070 68X9D (Core i5)", "BrandID": 17 },
  { "ID": 935141, "Name": "OPTIPLEX 5070 MFF (Core i5)", "BrandID": 17 },
  { "ID": 934687, "Name": "401-ABHQ", "BrandID": 17 },
  { "ID": 934013, "Name": "400-AMUQ (2TB)", "BrandID": 17 },
  { "ID": 934011, "Name": "400-ALUQ (1.8TB)", "BrandID": 17 },
  { "ID": 934009, "Name": "400-AEGK (4TB)", "BrandID": 17 },
  { "ID": 394, "Name": "treo 600", "BrandID": 18 },
  { "ID": 1720, "Name": "8089P", "BrandID": 19 },
  { "ID": 1719, "Name": "8050", "BrandID": 19 },
  { "ID": 970, "Name": "Mio 8390", "BrandID": 19 },
  { "ID": 968, "Name": "MIO336", "BrandID": 19 },
  { "ID": 87, "Name": "MIO 558", "BrandID": 19 },
  { "ID": 587747, "Name": "8310", "BrandID": 20 },
  { "ID": 587745, "Name": "8080", "BrandID": 20 },
  { "ID": 587742, "Name": "8010", "BrandID": 20 },
  { "ID": 8701, "Name": "S200", "BrandID": 20 },
  { "ID": 8001, "Name": "9100", "BrandID": 20 },
  { "ID": 7288, "Name": "8500 STRTrk", "BrandID": 20 },
  { "ID": 4231, "Name": "8200", "BrandID": 20 },
  { "ID": 4147, "Name": "8100", "BrandID": 20 },
  { "ID": 3758, "Name": "9000", "BrandID": 20 },
  { "ID": 3427, "Name": "S100", "BrandID": 20 },
  { "ID": 2580, "Name": "9090", "BrandID": 20 },
  { "ID": 2160, "Name": "8020", "BrandID": 20 },
  { "ID": 1312, "Name": "S110", "BrandID": 20 },
  { "ID": 159, "Name": "IPDA", "BrandID": 20 },
  { "ID": 90, "Name": "2020", "BrandID": 20 },
  { "ID": 948319, "Name": "Media Player Slot-In versie", "BrandID": 26 },
  { "ID": 947279, "Name": "SP-80SM", "BrandID": 26 },
  { "ID": 945002, "Name": "MultiSync X981UHD", "BrandID": 26 },
  { "ID": 944218, "Name": "VT580", "BrandID": 26 },
  { "ID": 926168, "Name": "NP07LM", "BrandID": 26 },
  { "ID": 926166, "Name": "NP06LM", "BrandID": 26 },
  { "ID": 926164, "Name": "NP05LM2", "BrandID": 26 },
  { "ID": 902193, "Name": "Slot-In PC 100013757 (Core i5)", "BrandID": 26 },
  { "ID": 892251, "Name": "OPS-Sky (Core i5)", "BrandID": 26 },
  { "ID": 883162, "Name": "PA302W", "BrandID": 26 },
  { "ID": 883160, "Name": "MultiSync EA304WMi", "BrandID": 26 },
  { "ID": 883157, "Name": "C981Q SST", "BrandID": 26 },
  { "ID": 879249, "Name": "PDWXS 46-55 P", "BrandID": 26 },
  { "ID": 879247, "Name": "PDWXS 46-55 L", "BrandID": 26 },
  { "ID": 879245, "Name": "PD02W T L L", "BrandID": 26 },
  { "ID": 879243, "Name": "BalanceBox400-2 XL", "BrandID": 26 },
  { "ID": 879241, "Name": "100014861", "BrandID": 26 },
  { "ID": 878700, "Name": "ST-401", "BrandID": 26 },
  { "ID": 878698, "Name": "PD02MVC", "BrandID": 26 },
  { "ID": 875503, "Name": "SP-864QSM", "BrandID": 26 },
  { "ID": 875501, "Name": "SP-754QSM", "BrandID": 26 },
  { "ID": 875499, "Name": "SP-654QSM", "BrandID": 26 },
  { "ID": 874464, "Name": "PX1005QL", "BrandID": 26 },
  { "ID": 874462, "Name": "PE455UL", "BrandID": 26 },
  { "ID": 874460, "Name": "PA703UL", "BrandID": 26 },
  { "ID": 874458, "Name": "NP-P605UL", "BrandID": 26 },
  { "ID": 873594, "Name": "Sp-pscm", "BrandID": 26 },
  { "ID": 873592, "Name": "Sp-ascm", "BrandID": 26 },
  { "ID": 866139, "Name": "PD01CMS", "BrandID": 26 },
  { "ID": 866137, "Name": "100014601", "BrandID": 26 },
  { "ID": 859863, "Name": "MultiSync V323-3", "BrandID": 26 },
  { "ID": 857860, "Name": "SP-70SM", "BrandID": 26 },
  { "ID": 857858, "Name": "SP-554SM", "BrandID": 26 },
  { "ID": 857856, "Name": "SP-484SM", "BrandID": 26 },
  { "ID": 857778, "Name": "MultiSync P654Q", "BrandID": 26 },
  { "ID": 857776, "Name": "MultiSync C981Q", "BrandID": 26 },
  { "ID": 857595, "Name": "SP-65SM", "BrandID": 26 },
  { "ID": 854457, "Name": "V series V754Q", "BrandID": 26 },
  { "ID": 854455, "Name": "MultiSync V654Q", "BrandID": 26 },
  { "ID": 854453, "Name": "MultiSync EA231WU", "BrandID": 26 },
  { "ID": 853978, "Name": "MultiSync EA241F-BK", "BrandID": 26 },
  { "ID": 853976, "Name": "MultiSync EA241F", "BrandID": 26 },
  { "ID": 853974, "Name": "MultiSync EA231WU-BK", "BrandID": 26 },
  { "ID": 853972, "Name": "MultiSync E557Q", "BrandID": 26 },
  { "ID": 853970, "Name": "MultiSync E327", "BrandID": 26 },
  { "ID": 852665, "Name": "ME402X", "BrandID": 26 },
  { "ID": 852663, "Name": "MC342X", "BrandID": 26 },
  { "ID": 851484, "Name": "P525WL", "BrandID": 26 },
  { "ID": 850920, "Name": "SP-PS", "BrandID": 26 },
  { "ID": 850791, "Name": "ME382U", "BrandID": 26 },
  { "ID": 944090, "Name": "3.1 (TA-1063)", "BrandID": 27 },
  { "ID": 941471, "Name": "Mobile Holder CR-43 6280", "BrandID": 27 },
  { "ID": 923007, "Name": "5.3", "BrandID": 27 },
  { "ID": 923004, "Name": "1.3", "BrandID": 27 },
  { "ID": 902654, "Name": "130 (2020)", "BrandID": 27 },
  { "ID": 897055, "Name": "CR-112 voor: Nokia 6303 classic", "BrandID": 27 },
  { "ID": 894514, "Name": "Wireless SU-8W", "BrandID": 27 },
  { "ID": 893142, "Name": "2.3", "BrandID": 27 },
  { "ID": 891697, "Name": "800", "BrandID": 27 },
  { "ID": 888557, "Name": "Power Earbuds", "BrandID": 27 },
  { "ID": 888555, "Name": "Coloud Pop Headset WH-510", "BrandID": 27 },
  { "ID": 884428, "Name": "110 - Dual Sim", "BrandID": 27 },
  { "ID": 879136, "Name": "110", "BrandID": 27 },
  { "ID": 875206, "Name": "230 DS", "BrandID": 27 },
  { "ID": 868029, "Name": "800 Tough", "BrandID": 27 },
  { "ID": 868027, "Name": "2720 Flip", "BrandID": 27 },
  { "ID": 867269, "Name": "7.2", "BrandID": 27 },
  { "ID": 867266, "Name": "6.2", "BrandID": 27 },
  { "ID": 865790, "Name": "105 Neo 2019", "BrandID": 27 },
  { "ID": 851468, "Name": "3.2", "BrandID": 27 },
  { "ID": 851007, "Name": "3310 (2017)", "BrandID": 27 },
  { "ID": 849575, "Name": "6.1 (2019)", "BrandID": 27 },
  { "ID": 849571, "Name": "2.2", "BrandID": 27 },
  { "ID": 848038, "Name": "3 DS", "BrandID": 27 },
  { "ID": 840116, "Name": "4.2", "BrandID": 27 },
  { "ID": 835709, "Name": "BH-501", "BrandID": 27 },
  { "ID": 828245, "Name": "9 PureView", "BrandID": 27 },
  { "ID": 828240, "Name": "1 Plus", "BrandID": 27 },
  { "ID": 828024, "Name": "Lumia 550", "BrandID": 27 },
  { "ID": 820635, "Name": "MD-9", "BrandID": 27 },
  { "ID": 811891, "Name": "8.1", "BrandID": 27 },
  { "ID": 811888, "Name": "105 Neo 2017", "BrandID": 27 },
  { "ID": 810748, "Name": "3.1 Plus", "BrandID": 27 },
  { "ID": 809695, "Name": "5.1 Plus", "BrandID": 27 },
  { "ID": 806733, "Name": "1 (2018)", "BrandID": 27 },
  { "ID": 806713, "Name": "WH-610", "BrandID": 27 },
  { "ID": 806710, "Name": "WH100", "BrandID": 27 },
  { "ID": 806708, "Name": "WH-102", "BrandID": 27 },
  { "ID": 806706, "Name": "HS-43", "BrandID": 27 },
  { "ID": 806704, "Name": "HS-23", "BrandID": 27 },
  { "ID": 799829, "Name": "7.1", "BrandID": 27 },
  { "ID": 799828, "Name": "7", "BrandID": 27 },
  { "ID": 792981, "Name": "6.1", "BrandID": 27 },
  { "ID": 788564, "Name": "8110 4G", "BrandID": 27 },
  { "ID": 786150, "Name": "Olympia Style Plus", "BrandID": 27 },
  { "ID": 786140, "Name": "3.1", "BrandID": 27 },
  { "ID": 786134, "Name": "2.1", "BrandID": 27 },
  { "ID": 786130, "Name": "105 Neo 2018", "BrandID": 27 },
  { "ID": 785217, "Name": "Telefoonhouder", "BrandID": 27 },
  { "ID": 783062, "Name": "Steel HR 40mm", "BrandID": 27 },
  { "ID": 950355, "Name": "Toughbook FZ-A3", "BrandID": 28 },
  { "ID": 949773, "Name": "SC-UX102E-K", "BrandID": 28 },
  { "ID": 949771, "Name": "SC-PMX92", "BrandID": 28 },
  { "ID": 949769, "Name": "SC-PM251", "BrandID": 28 },
  { "ID": 949766, "Name": "SC-HC410", "BrandID": 28 },
  { "ID": 949535, "Name": "KX-TGH723", "BrandID": 28 },
  { "ID": 949334, "Name": "EW-DL75-S803", "BrandID": 28 },
  { "ID": 949332, "Name": "EW-DJ10-A503", "BrandID": 28 },
  { "ID": 949115, "Name": "LUMIX G 25 mm/F1.7 ASPH", "BrandID": 28 },
  { "ID": 949113, "Name": "H-H020A", "BrandID": 28 },
  { "ID": 949034, "Name": "Lumix DC-ZS70", "BrandID": 28 },
  { "ID": 949032, "Name": "Lumix DC-FZ80K", "BrandID": 28 },
  { "ID": 948927, "Name": "Lumix GX880", "BrandID": 28 },
  { "ID": 948562, "Name": "HC-V180EC-K", "BrandID": 28 },
  { "ID": 948483, "Name": "ES-EL9A", "BrandID": 28 },
  { "ID": 948436, "Name": "TX-43GXW584", "BrandID": 28 },
  { "ID": 948339, "Name": "ES-RW31", "BrandID": 28 },
  { "ID": 948303, "Name": "ER430", "BrandID": 28 },
  { "ID": 948301, "Name": "ER417K503", "BrandID": 28 },
  { "ID": 948267, "Name": "KX-PRW110JTW", "BrandID": 28 },
  { "ID": 948245, "Name": "Lumix DC-GX9WEF-S", "BrandID": 28 },
  { "ID": 948193, "Name": "TX-55HZW1004", "BrandID": 28 },
  { "ID": 947494, "Name": "KX-TGC310SPB", "BrandID": 28 },
  { "ID": 947492, "Name": "KX-TG6511", "BrandID": 28 },
  { "ID": 947428, "Name": "ES-RF31-S", "BrandID": 28 },
  { "ID": 947426, "Name": "ES-LL21-K503", "BrandID": 28 },
  { "ID": 947424, "Name": "ES8103", "BrandID": 28 },
  { "ID": 946767, "Name": "DMR-BWT850EC", "BrandID": 28 },
  { "ID": 945415, "Name": "RC-CD350EG", "BrandID": 28 },
  { "ID": 945006, "Name": "TH-98LQ70LW", "BrandID": 28 },
  { "ID": 945004, "Name": "TH-42LF80W", "BrandID": 28 },
  { "ID": 944376, "Name": "ER-GB36", "BrandID": 28 },
  { "ID": 944254, "Name": "Lumix DC-G100", "BrandID": 28 },
  { "ID": 944230, "Name": "DMR-BST730", "BrandID": 28 },
  { "ID": 944228, "Name": "DMR-BCT735", "BrandID": 28 },
  { "ID": 943422, "Name": "DMW-LMC52", "BrandID": 28 },
  { "ID": 943109, "Name": "DMW-SSTG1", "BrandID": 28 },
  { "ID": 942222, "Name": "NN-CS88LBEPG", "BrandID": 28 },
  { "ID": 941861, "Name": "TX-58HX800", "BrandID": 28 },
  { "ID": 941719, "Name": "RZ-S500W Earbuds", "BrandID": 28 },
  { "ID": 941134, "Name": "TX-50GX550E", "BrandID": 28 },
  { "ID": 940858, "Name": "DMW-LMCH62", "BrandID": 28 },
  { "ID": 940685, "Name": "TX-32G310E", "BrandID": 28 },
  { "ID": 940458, "Name": "ES-LL41-K503", "BrandID": 28 },
  { "ID": 940277, "Name": "SC-DM504EG-W", "BrandID": 28 },
  { "ID": 940275, "Name": "SC-DM504EG-K", "BrandID": 28 },
  { "ID": 940214, "Name": "ER-GB61-K503", "BrandID": 28 },
  { "ID": 940062, "Name": "TX-55HZ1000", "BrandID": 28 },
  { "ID": 939495, "Name": "NN-GT46KB", "BrandID": 28 },
  { "ID": 938533, "Name": "TX-32G320E", "BrandID": 28 },
  { "ID": 950372, "Name": "EP4346", "BrandID": 29 },
  { "ID": 950307, "Name": "HD9318", "BrandID": 29 },
  { "ID": 950305, "Name": "Daily Collection HD9344", "BrandID": 29 },
  { "ID": 950128, "Name": "V Line 243V5QSBA/01", "BrandID": 29 },
  { "ID": 950126, "Name": "V Line 243V5LSB5/00", "BrandID": 29 },
  { "ID": 950124, "Name": "243V5QHSBA/00", "BrandID": 29 },
  { "ID": 950122, "Name": "220BW8ES 22 inch", "BrandID": 29 },
  { "ID": 950120, "Name": "190C8FS 19 inch", "BrandID": 29 },
  { "ID": 949975, "Name": "FY2402/00", "BrandID": 29 },
  { "ID": 949973, "Name": "2000 series HU4814/10", "BrandID": 29 },
  { "ID": 949874, "Name": "NT3600", "BrandID": 29 },
  { "ID": 949872, "Name": "Norelco NT5175/49", "BrandID": 29 },
  { "ID": 949870, "Name": "Norelco NT3355/49", "BrandID": 29 },
  { "ID": 949775, "Name": "BTM2325/12", "BrandID": 29 },
  { "ID": 949577, "Name": "65PUS8535/12", "BrandID": 29 },
  { "ID": 949575, "Name": "58PUS8545/12", "BrandID": 29 },
  { "ID": 949573, "Name": "58PUS8535", "BrandID": 29 },
  { "ID": 949571, "Name": "50PUS8535", "BrandID": 29 },
  { "ID": 949561, "Name": "PSG7014", "BrandID": 29 },
  { "ID": 949499, "Name": "HD9650", "BrandID": 29 },
  { "ID": 949493, "Name": "Essential Care BHD006", "BrandID": 29 },
  { "ID": 949356, "Name": "Sonicare ProtectiveClean HX6856/29", "BrandID": 29 },
  { "ID": 949354, "Name": "Sonicare HX8424", "BrandID": 29 },
  { "ID": 949351, "Name": "Sonicare HX6876", "BrandID": 29 },
  { "ID": 949349, "Name": "Sonicare HX6871", "BrandID": 29 },
  { "ID": 949346, "Name": "Sonicare HealthyWhite HX6732", "BrandID": 29 },
  { "ID": 949342, "Name": "HX8935", "BrandID": 29 },
  { "ID": 949340, "Name": "HX6871", "BrandID": 29 },
  { "ID": 949338, "Name": "HX6829", "BrandID": 29 },
  { "ID": 949336, "Name": "4300 series HX6801", "BrandID": 29 },
  { "ID": 949253, "Name": "55BDL4031D/00", "BrandID": 29 },
  { "ID": 949172, "Name": "ThermoProtect HP8238", "BrandID": 29 },
  { "ID": 949089, "Name": "7500 series 50PUS7555/12", "BrandID": 29 },
  { "ID": 949087, "Name": "70PUS8505/12", "BrandID": 29 },
  { "ID": 949075, "Name": "Norelco Shaver 510 PQ208", "BrandID": 29 },
  { "ID": 949055, "Name": "Daily Collection HR2531", "BrandID": 29 },
  { "ID": 949049, "Name": "EP1220", "BrandID": 29 },
  { "ID": 949000, "Name": "Pronto Home Theatre Control Panel", "BrandID": 29 },
  { "ID": 948848, "Name": "Airfryer XXL HD9860/90 ", "BrandID": 29 },
  { "ID": 948814, "Name": "55OLED805", "BrandID": 29 },
  { "ID": 948604, "Name": "Daily Collection HR2546", "BrandID": 29 },
  { "ID": 948600, "Name": "NIVEA AquaTouch AT770", "BrandID": 29 },
  { "ID": 948548, "Name": "SHAVER Series 3000 PT719", "BrandID": 29 },
  { "ID": 948487, "Name": "Satinelle Essential HP6550", "BrandID": 29 },
  { "ID": 948485, "Name": "Satinelle Essential BRP500", "BrandID": 29 },
  { "ID": 948316, "Name": "SatinShave Prestige BRL175", "BrandID": 29 },
  { "ID": 948314, "Name": "Lumea Advanced SC1998", "BrandID": 29 },
  { "ID": 948312, "Name": "BG9041", "BrandID": 29 },
  { "ID": 948291, "Name": "EnergyUp HF3420", "BrandID": 29 },
  { "ID": 948017, "Name": "AJ1060/12", "BrandID": 29 }
]
