[
  { "ID": 1, "Name": "Sony", "WebSite": "http://www.sony.nl" },
  { "ID": 2, "Name": "Compaq", "WebSite": "www.hp.nl" },
  { "ID": 3, "Name": "HP", "WebSite": "www.hp.nl" },
  { "ID": 4, "Name": "Liebherr", "WebSite": "www.liebherr.de" },
  { "ID": 5, "Name": "Promedion", "WebSite": "www.promedion.nl" },
  { "ID": 6, "Name": "Toshiba", "WebSite": "www.toshiba.nl" },
  { "ID": 7, "Name": "IBM", "WebSite": "www.ibm.nl" },
  { "ID": 8, "Name": "Asus", "WebSite": "www.asus.nl" },
  { "ID": 9, "Name": "Acer", "WebSite": "www.acer.nl" },
  { "ID": 10, "Name": "Jewel", "WebSite": "www.jewelnotebooks.nl" },
  { "ID": 11, "Name": "Maxdata", "WebSite": "www.maxdata.nl" },
  { "ID": 12, "Name": "Hi-Grade", "WebSite": "www.hi-grade.nl" },
  { "ID": 13, "Name": "Fujitsu", "WebSite": "www.fujitsu.com" },
  { "ID": 14, "Name": "BenQ", "WebSite": "www.benq.nl" },
  { "ID": 15, "Name": "Packard Bell", "WebSite": "www.PackardBell.nl" },
  { "ID": 16, "Name": "Palm", "WebSite": "www.palmone.com" },
  { "ID": 17, "Name": "Dell", "WebSite": "www.dell.nl" },
  { "ID": 18, "Name": "Handspring", "WebSite": "www.handspring.com" },
  { "ID": 19, "Name": "Mitac", "WebSite": "www.mitac.nl" },
  { "ID": 20, "Name": "QTEK", "WebSite": "" },
  { "ID": 21, "Name": "E-ten", "WebSite": "" },
  { "ID": 22, "Name": "o2", "WebSite": "www.o2.nl" },
  { "ID": 23, "Name": "Alcatel", "WebSite": "www.alcatel.nl" },
  { "ID": 24, "Name": "LG", "WebSite": "http://www.lg.com/nl" },
  { "ID": 25, "Name": "Motorola", "WebSite": "http://www.motorola.com/" },
  { "ID": 26, "Name": "NEC", "WebSite": "http://nl.nec.com/" },
  { "ID": 27, "Name": "Nokia", "WebSite": "www.nokia.nl" },
  { "ID": 28, "Name": "Panasonic", "WebSite": "www.Panasonic.nl" },
  { "ID": 29, "Name": "Philips", "WebSite": "www.philips.nl" },
  { "ID": 30, "Name": "Sagem", "WebSite": "www.sagem.com" }
]
