[
  { "ID": 1, "Name": "Laptops en notebooks" },
  { "ID": 2, "Name": "PDA's en palmtops" },
  { "ID": 4, "Name": "GSM's" },
  { "ID": 6, "Name": "DVD-spelers" },
  { "ID": 8, "Name": "Digitale Camera's" },
  { "ID": 10, "Name": "Beamers en projectoren" },
  { "ID": 12, "Name": "MP3-spelers" },
  { "ID": 13, "Name": "Scanners" },
  { "ID": 14, "Name": "Inkjet-printers" },
  { "ID": 15, "Name": "Monitors" },
  { "ID": 16, "Name": "Draadloze routers" },
  { "ID": 22, "Name": "Huistelefoons" },
  { "ID": 23, "Name": "PC" },
  { "ID": 26, "Name": "Multifunctions" },
  { "ID": 29, "Name": "DVD-recorders" },
  { "ID": 30, "Name": "Camcorders en videocamera's" },
  { "ID": 38, "Name": "Media spelers" },
  { "ID": 41, "Name": "Compacte Speakers" },
  { "ID": 43, "Name": "Staande Speakers" },
  { "ID": 44, "Name": "Smartphones" },
  { "ID": 58, "Name": "Digitale decoders" },
  { "ID": 73, "Name": "PC Speakers" },
  { "ID": 74, "Name": "Blu-ray en HD DVD-spelers" },
  { "ID": 75, "Name": "Spelcomputers" },
  { "ID": 77, "Name": "Hoofdtelefoons" },
  { "ID": 78, "Name": "Draagbare radio's" },
  { "ID": 83, "Name": "Miniset" },
  { "ID": 84, "Name": "Draadloze netwerkadapters" },
  { "ID": 85, "Name": "Headsets" },
  { "ID": 86, "Name": "Objectieven/lenzen" },
  { "ID": 91, "Name": "Koelkasten" },
  { "ID": 95, "Name": "Espresso-apparaten" },
  { "ID": 96, "Name": "Magnetrons" },
  { "ID": 97, "Name": "Harde schijven" },
  { "ID": 99, "Name": "Inbouw koelkasten" },
  { "ID": 102, "Name": "Autoradio's" },
  { "ID": 103, "Name": "Autospeakers" },
  { "ID": 108, "Name": "Diepvries" },
  { "ID": 114, "Name": "Airco's" },
  { "ID": 137, "Name": "Muurbeugels" },
  { "ID": 139, "Name": "Babyfoon" },
  { "ID": 148, "Name": "Afstandsbediening" },
  { "ID": 149, "Name": "Baardtrimmer" },
  { "ID": 153, "Name": "Epilator" },
  { "ID": 154, "Name": "Friteuse" },
  { "ID": 164, "Name": "Keukenmachines" },
  { "ID": 167, "Name": "Ladyshave" },
  { "ID": 168, "Name": "Tandenborstels" },
  { "ID": 171, "Name": "Videokaarten" },
  { "ID": 172, "Name": "DVD-branders" },
  { "ID": 173, "Name": "Fohn" },
  { "ID": 174, "Name": "Wekkerradio's" },
  { "ID": 175, "Name": "Scheerapparaat" },
  { "ID": 177, "Name": "Geheugenkaarten" },
  { "ID": 187, "Name": "Computermuizen" },
  { "ID": 188, "Name": "Toetsenborden" },
  { "ID": 195, "Name": "Wereldontvangers" },
  { "ID": 199, "Name": "Waterkokers" },
  { "ID": 215, "Name": "Luchtbevochtigers" },
  { "ID": 219, "Name": "Processors" },
  { "ID": 220, "Name": "Moederborden" },
  { "ID": 227, "Name": "USB-sticks" },
  { "ID": 232, "Name": "Tablets" },
  { "ID": 233, "Name": "Stoomgeneratoren" },
  { "ID": 246, "Name": "Energy lights" },
  { "ID": 256, "Name": "LED TV's" },
  { "ID": 258, "Name": "Soundbars" },
  { "ID": 272, "Name": "Foto printers" },
  { "ID": 275, "Name": "Systeemcamera's" },
  { "ID": 289, "Name": "Telefoonhouders" },
  { "ID": 291, "Name": "Servers" },
  { "ID": 295, "Name": "IPL" },
  { "ID": 297, "Name": "USB-Hubs" },
  { "ID": 298, "Name": "Netvoedingen en inverters" },
  { "ID": 301, "Name": "Camera straps" },
  { "ID": 304, "Name": "Draadloze speakers" },
  { "ID": 330, "Name": "Smartwatches" },
  { "ID": 333, "Name": "Tv standaarden" },
  { "ID": 353, "Name": "Dashcams" },
  { "ID": 364, "Name": "Computergeheugen" },
  { "ID": 365, "Name": "Camerafilters" }
]
