[{"ProductID":491,"ProductGroupID":1},{"ProductID":634,"ProductGroupID":1},{"ProductID":1719,"ProductGroupID":1},{"ProductID":1720,"ProductGroupID":1},{"ProductID":2295,"ProductGroupID":1},{"ProductID":3063,"ProductGroupID":1},{"ProductID":3273,"ProductGroupID":1},{"ProductID":3274,"ProductGroupID":1},{"ProductID":4032,"ProductGroupID":1},{"ProductID":12029,"ProductGroupID":1},{"ProductID":12725,"ProductGroupID":1},{"ProductID":13477,"ProductGroupID":1},{"ProductID":29136,"ProductGroupID":1},{"ProductID":31283,"ProductGroupID":1},{"ProductID":31476,"ProductGroupID":1},{"ProductID":40668,"ProductGroupID":1},{"ProductID":40758,"ProductGroupID":1},{"ProductID":41112,"ProductGroupID":1},{"ProductID":52692,"ProductGroupID":1},{"ProductID":53343,"ProductGroupID":1},{"ProductID":58924,"ProductGroupID":1},{"ProductID":82818,"ProductGroupID":1},{"ProductID":82982,"ProductGroupID":1},{"ProductID":82983,"ProductGroupID":1},{"ProductID":82984,"ProductGroupID":1},{"ProductID":82985,"ProductGroupID":1},{"ProductID":83025,"ProductGroupID":1},{"ProductID":85158,"ProductGroupID":1},{"ProductID":85873,"ProductGroupID":1},{"ProductID":85874,"ProductGroupID":1},{"ProductID":85875,"ProductGroupID":1},{"ProductID":95392,"ProductGroupID":1},{"ProductID":106413,"ProductGroupID":1},{"ProductID":263780,"ProductGroupID":1},{"ProductID":940315,"ProductGroupID":1},{"ProductID":942045,"ProductGroupID":1},{"ProductID":942088,"ProductGroupID":1},{"ProductID":942422,"ProductGroupID":1},{"ProductID":942424,"ProductGroupID":1},{"ProductID":942430,"ProductGroupID":1},{"ProductID":942432,"ProductGroupID":1},{"ProductID":942438,"ProductGroupID":1},{"ProductID":942773,"ProductGroupID":1},{"ProductID":942775,"ProductGroupID":1},{"ProductID":943224,"ProductGroupID":1},{"ProductID":943232,"ProductGroupID":1},{"ProductID":943234,"ProductGroupID":1},{"ProductID":943240,"ProductGroupID":1},{"ProductID":943242,"ProductGroupID":1},{"ProductID":943333,"ProductGroupID":1},{"ProductID":943457,"ProductGroupID":1},{"ProductID":943661,"ProductGroupID":1},{"ProductID":944195,"ProductGroupID":1},{"ProductID":944270,"ProductGroupID":1},{"ProductID":944854,"ProductGroupID":1},{"ProductID":945798,"ProductGroupID":1},{"ProductID":945842,"ProductGroupID":1},{"ProductID":946892,"ProductGroupID":1},{"ProductID":948758,"ProductGroupID":1},{"ProductID":948948,"ProductGroupID":1},{"ProductID":948955,"ProductGroupID":1},{"ProductID":948957,"ProductGroupID":1},{"ProductID":948964,"ProductGroupID":1},{"ProductID":949383,"ProductGroupID":1},{"ProductID":949385,"ProductGroupID":1},{"ProductID":949391,"ProductGroupID":1},{"ProductID":949393,"ProductGroupID":1},{"ProductID":949399,"ProductGroupID":1},{"ProductID":949406,"ProductGroupID":1},{"ProductID":949409,"ProductGroupID":1},{"ProductID":949417,"ProductGroupID":1},{"ProductID":949424,"ProductGroupID":1},{"ProductID":949433,"ProductGroupID":1},{"ProductID":949435,"ProductGroupID":1},{"ProductID":949449,"ProductGroupID":1},{"ProductID":950836,"ProductGroupID":1},{"ProductID":950845,"ProductGroupID":1},{"ProductID":950847,"ProductGroupID":1},{"ProductID":950852,"ProductGroupID":1},{"ProductID":950861,"ProductGroupID":1},{"ProductID":950864,"ProductGroupID":1},{"ProductID":33,"ProductGroupID":2},{"ProductID":40,"ProductGroupID":2},{"ProductID":64,"ProductGroupID":2},{"ProductID":73,"ProductGroupID":2},{"ProductID":75,"ProductGroupID":2},{"ProductID":90,"ProductGroupID":2},{"ProductID":366,"ProductGroupID":2},{"ProductID":968,"ProductGroupID":2},{"ProductID":2998,"ProductGroupID":2},{"ProductID":3682,"ProductGroupID":2},{"ProductID":4175,"ProductGroupID":2},{"ProductID":2580,"ProductGroupID":4},{"ProductID":7828,"ProductGroupID":4},{"ProductID":8779,"ProductGroupID":4},{"ProductID":8780,"ProductGroupID":4},{"ProductID":9172,"ProductGroupID":4},{"ProductID":9173,"ProductGroupID":4},{"ProductID":9291,"ProductGroupID":4},{"ProductID":9531,"ProductGroupID":4},{"ProductID":10962,"ProductGroupID":4},{"ProductID":30389,"ProductGroupID":4},{"ProductID":811888,"ProductGroupID":4},{"ProductID":851007,"ProductGroupID":4},{"ProductID":868027,"ProductGroupID":4},{"ProductID":871594,"ProductGroupID":4},{"ProductID":884428,"ProductGroupID":4},{"ProductID":902654,"ProductGroupID":4},{"ProductID":944076,"ProductGroupID":4},{"ProductID":946767,"ProductGroupID":6},{"ProductID":850756,"ProductGroupID":10},{"ProductID":850762,"ProductGroupID":10},{"ProductID":850764,"ProductGroupID":10},{"ProductID":854366,"ProductGroupID":10},{"ProductID":871970,"ProductGroupID":10},{"ProductID":874385,"ProductGroupID":10},{"ProductID":874387,"ProductGroupID":10},{"ProductID":874460,"ProductGroupID":10},{"ProductID":874462,"ProductGroupID":10},{"ProductID":876699,"ProductGroupID":10},{"ProductID":920603,"ProductGroupID":10},{"ProductID":930589,"ProductGroupID":10},{"ProductID":932052,"ProductGroupID":10},{"ProductID":932054,"ProductGroupID":10},{"ProductID":939716,"ProductGroupID":10},{"ProductID":939758,"ProductGroupID":10},{"ProductID":942925,"ProductGroupID":10},{"ProductID":944218,"ProductGroupID":10},{"ProductID":947128,"ProductGroupID":10},{"ProductID":949477,"ProductGroupID":10},{"ProductID":945163,"ProductGroupID":12},{"ProductID":947194,"ProductGroupID":12},{"ProductID":9968,"ProductGroupID":14},{"ProductID":2679,"ProductGroupID":15},{"ProductID":10300,"ProductGroupID":15},{"ProductID":11614,"ProductGroupID":15},{"ProductID":853970,"ProductGroupID":15},{"ProductID":853972,"ProductGroupID":15},{"ProductID":853978,"ProductGroupID":15},{"ProductID":854455,"ProductGroupID":15},{"ProductID":854457,"ProductGroupID":15},{"ProductID":859863,"ProductGroupID":15},{"ProductID":863849,"ProductGroupID":15},{"ProductID":865981,"ProductGroupID":15},{"ProductID":870400,"ProductGroupID":15},{"ProductID":882992,"ProductGroupID":15},{"ProductID":882994,"ProductGroupID":15},{"ProductID":883000,"ProductGroupID":15},{"ProductID":883002,"ProductGroupID":15},{"ProductID":883160,"ProductGroupID":15},{"ProductID":887415,"ProductGroupID":15},{"ProductID":888258,"ProductGroupID":15},{"ProductID":906272,"ProductGroupID":15},{"ProductID":913759,"ProductGroupID":15},{"ProductID":914896,"ProductGroupID":15},{"ProductID":920595,"ProductGroupID":15},{"ProductID":940741,"ProductGroupID":15},{"ProductID":944980,"ProductGroupID":15},{"ProductID":944986,"ProductGroupID":15},{"ProductID":944988,"ProductGroupID":15},{"ProductID":944996,"ProductGroupID":15},{"ProductID":944998,"ProductGroupID":15},{"ProductID":945004,"ProductGroupID":15},{"ProductID":945006,"ProductGroupID":15},{"ProductID":946817,"ProductGroupID":15},{"ProductID":950059,"ProductGroupID":15},{"ProductID":950061,"ProductGroupID":15},{"ProductID":950068,"ProductGroupID":15},{"ProductID":950070,"ProductGroupID":15},{"ProductID":950076,"ProductGroupID":15},{"ProductID":950078,"ProductGroupID":15},{"ProductID":950084,"ProductGroupID":15},{"ProductID":950086,"ProductGroupID":15},{"ProductID":950092,"ProductGroupID":15},{"ProductID":950094,"ProductGroupID":15},{"ProductID":950112,"ProductGroupID":15},{"ProductID":950120,"ProductGroupID":15},{"ProductID":950126,"ProductGroupID":15},{"ProductID":950128,"ProductGroupID":15},{"ProductID":950134,"ProductGroupID":15},{"ProductID":950136,"ProductGroupID":15},{"ProductID":950142,"ProductGroupID":15},{"ProductID":950144,"ProductGroupID":15},{"ProductID":872346,"ProductGroupID":16},{"ProductID":590124,"ProductGroupID":22},{"ProductID":671045,"ProductGroupID":22},{"ProductID":828696,"ProductGroupID":22},{"ProductID":828702,"ProductGroupID":22},{"ProductID":828704,"ProductGroupID":22},{"ProductID":838678,"ProductGroupID":22},{"ProductID":841118,"ProductGroupID":22},{"ProductID":848246,"ProductGroupID":22},{"ProductID":848248,"ProductGroupID":22},{"ProductID":848254,"ProductGroupID":22},{"ProductID":848256,"ProductGroupID":22},{"ProductID":878262,"ProductGroupID":22},{"ProductID":880594,"ProductGroupID":22},{"ProductID":880596,"ProductGroupID":22},{"ProductID":880601,"ProductGroupID":22},{"ProductID":947460,"ProductGroupID":22},{"ProductID":947494,"ProductGroupID":22},{"ProductID":948588,"ProductGroupID":22},{"ProductID":949535,"ProductGroupID":22},{"ProductID":944814,"ProductGroupID":26},{"ProductID":949951,"ProductGroupID":26},{"ProductID":950404,"ProductGroupID":26},{"ProductID":857856,"ProductGroupID":43},{"ProductID":857858,"ProductGroupID":43},{"ProductID":875499,"ProductGroupID":43},{"ProductID":3038,"ProductGroupID":44},{"ProductID":3683,"ProductGroupID":44},{"ProductID":3758,"ProductGroupID":44},{"ProductID":6774,"ProductGroupID":44},{"ProductID":7560,"ProductGroupID":44},{"ProductID":8127,"ProductGroupID":44},{"ProductID":8879,"ProductGroupID":44},{"ProductID":10250,"ProductGroupID":44},{"ProductID":10654,"ProductGroupID":44},{"ProductID":11405,"ProductGroupID":44},{"ProductID":11956,"ProductGroupID":44},{"ProductID":12196,"ProductGroupID":44},{"ProductID":13483,"ProductGroupID":44},{"ProductID":14180,"ProductGroupID":44},{"ProductID":16670,"ProductGroupID":44},{"ProductID":17094,"ProductGroupID":44},{"ProductID":18181,"ProductGroupID":44},{"ProductID":30162,"ProductGroupID":44},{"ProductID":30230,"ProductGroupID":44},{"ProductID":83386,"ProductGroupID":44},{"ProductID":587742,"ProductGroupID":44},{"ProductID":946911,"ProductGroupID":73},{"ProductID":947279,"ProductGroupID":73},{"ProductID":944228,"ProductGroupID":74},{"ProductID":872038,"ProductGroupID":75},{"ProductID":942663,"ProductGroupID":75},{"ProductID":888557,"ProductGroupID":77},{"ProductID":941719,"ProductGroupID":77},{"ProductID":943877,"ProductGroupID":86},{"ProductID":946852,"ProductGroupID":86},{"ProductID":949115,"ProductGroupID":86},{"ProductID":949049,"ProductGroupID":95},{"ProductID":925368,"ProductGroupID":108},{"ProductID":927981,"ProductGroupID":108},{"ProductID":927989,"ProductGroupID":108},{"ProductID":927993,"ProductGroupID":108},{"ProductID":928001,"ProductGroupID":108},{"ProductID":943635,"ProductGroupID":108},{"ProductID":947789,"ProductGroupID":108},{"ProductID":937625,"ProductGroupID":114},{"ProductID":947551,"ProductGroupID":114},{"ProductID":872950,"ProductGroupID":139},{"ProductID":935929,"ProductGroupID":139},{"ProductID":935931,"ProductGroupID":139},{"ProductID":935937,"ProductGroupID":139},{"ProductID":939748,"ProductGroupID":139},{"ProductID":939750,"ProductGroupID":139},{"ProductID":949000,"ProductGroupID":148},{"ProductID":944376,"ProductGroupID":149},{"ProductID":948303,"ProductGroupID":149},{"ProductID":949874,"ProductGroupID":149},{"ProductID":948604,"ProductGroupID":164},{"ProductID":949332,"ProductGroupID":168},{"ProductID":949334,"ProductGroupID":168},{"ProductID":949340,"ProductGroupID":168},{"ProductID":949342,"ProductGroupID":168},{"ProductID":949349,"ProductGroupID":168},{"ProductID":949351,"ProductGroupID":168},{"ProductID":949356,"ProductGroupID":168},{"ProductID":949493,"ProductGroupID":173},{"ProductID":945415,"ProductGroupID":174},{"ProductID":940458,"ProductGroupID":175},{"ProductID":947426,"ProductGroupID":175},{"ProductID":947428,"ProductGroupID":175},{"ProductID":948339,"ProductGroupID":175},{"ProductID":948548,"ProductGroupID":175},{"ProductID":949075,"ProductGroupID":175},{"ProductID":549354,"ProductGroupID":188},{"ProductID":551928,"ProductGroupID":188},{"ProductID":575057,"ProductGroupID":188},{"ProductID":894514,"ProductGroupID":188},{"ProductID":947070,"ProductGroupID":188},{"ProductID":779750,"ProductGroupID":219},{"ProductID":944772,"ProductGroupID":219},{"ProductID":945740,"ProductGroupID":219},{"ProductID":947226,"ProductGroupID":219},{"ProductID":947228,"ProductGroupID":219},{"ProductID":948640,"ProductGroupID":219},{"ProductID":948646,"ProductGroupID":219},{"ProductID":948648,"ProductGroupID":219},{"ProductID":950459,"ProductGroupID":220},{"ProductID":950461,"ProductGroupID":220},{"ProductID":950463,"ProductGroupID":220},{"ProductID":950469,"ProductGroupID":220},{"ProductID":950471,"ProductGroupID":220},{"ProductID":950477,"ProductGroupID":220},{"ProductID":950479,"ProductGroupID":220},{"ProductID":950485,"ProductGroupID":220},{"ProductID":950487,"ProductGroupID":220},{"ProductID":950493,"ProductGroupID":220},{"ProductID":950495,"ProductGroupID":220},{"ProductID":950501,"ProductGroupID":220},{"ProductID":950503,"ProductGroupID":220},{"ProductID":944254,"ProductGroupID":275},{"ProductID":785217,"ProductGroupID":289},{"ProductID":897055,"ProductGroupID":289},{"ProductID":633843,"ProductGroupID":291},{"ProductID":658788,"ProductGroupID":291},{"ProductID":939481,"ProductGroupID":291},{"ProductID":944202,"ProductGroupID":291},{"ProductID":948312,"ProductGroupID":295},{"ProductID":948314,"ProductGroupID":295},{"ProductID":938385,"ProductGroupID":330},{"ProductID":866137,"ProductGroupID":333},{"ProductID":878698,"ProductGroupID":333},{"ProductID":351760,"ProductGroupID":1},{"ProductID":371391,"ProductGroupID":1},{"ProductID":371397,"ProductGroupID":1},{"ProductID":372788,"ProductGroupID":1},{"ProductID":372793,"ProductGroupID":1},{"ProductID":372795,"ProductGroupID":1},{"ProductID":380323,"ProductGroupID":1},{"ProductID":394746,"ProductGroupID":1},{"ProductID":396150,"ProductGroupID":1},{"ProductID":396152,"ProductGroupID":1},{"ProductID":434286,"ProductGroupID":1},{"ProductID":434288,"ProductGroupID":1},{"ProductID":461463,"ProductGroupID":1},{"ProductID":495530,"ProductGroupID":1},{"ProductID":505632,"ProductGroupID":1},{"ProductID":537436,"ProductGroupID":1},{"ProductID":944327,"ProductGroupID":8},{"ProductID":947770,"ProductGroupID":8},{"ProductID":948245,"ProductGroupID":8},{"ProductID":949030,"ProductGroupID":8},{"ProductID":949032,"ProductGroupID":8},{"ProductID":949034,"ProductGroupID":8},{"ProductID":33065,"ProductGroupID":10},{"ProductID":373913,"ProductGroupID":15},{"ProductID":380615,"ProductGroupID":23},{"ProductID":388205,"ProductGroupID":23},{"ProductID":502,"ProductGroupID":1},{"ProductID":727,"ProductGroupID":1},{"ProductID":2298,"ProductGroupID":1},{"ProductID":3061,"ProductGroupID":1},{"ProductID":3229,"ProductGroupID":1},{"ProductID":3277,"ProductGroupID":1},{"ProductID":4005,"ProductGroupID":1},{"ProductID":4029,"ProductGroupID":1},{"ProductID":12469,"ProductGroupID":1},{"ProductID":12897,"ProductGroupID":1},{"ProductID":13573,"ProductGroupID":1},{"ProductID":13697,"ProductGroupID":1},{"ProductID":13907,"ProductGroupID":1},{"ProductID":15143,"ProductGroupID":1},{"ProductID":17577,"ProductGroupID":1},{"ProductID":31245,"ProductGroupID":1},{"ProductID":31312,"ProductGroupID":1},{"ProductID":31420,"ProductGroupID":1},{"ProductID":31488,"ProductGroupID":1},{"ProductID":40724,"ProductGroupID":1},{"ProductID":40957,"ProductGroupID":1},{"ProductID":40958,"ProductGroupID":1},{"ProductID":41016,"ProductGroupID":1},{"ProductID":58940,"ProductGroupID":1},{"ProductID":58945,"ProductGroupID":1},{"ProductID":58946,"ProductGroupID":1},{"ProductID":58948,"ProductGroupID":1},{"ProductID":58973,"ProductGroupID":1},{"ProductID":69675,"ProductGroupID":1},{"ProductID":69677,"ProductGroupID":1},{"ProductID":82828,"ProductGroupID":1},{"ProductID":82853,"ProductGroupID":1},{"ProductID":82898,"ProductGroupID":1},{"ProductID":83257,"ProductGroupID":1},{"ProductID":84360,"ProductGroupID":1},{"ProductID":85872,"ProductGroupID":1},{"ProductID":97034,"ProductGroupID":1},{"ProductID":97454,"ProductGroupID":1},{"ProductID":140486,"ProductGroupID":1},{"ProductID":263782,"ProductGroupID":1},{"ProductID":263784,"ProductGroupID":1},{"ProductID":935391,"ProductGroupID":1},{"ProductID":936099,"ProductGroupID":1},{"ProductID":938383,"ProductGroupID":1},{"ProductID":938639,"ProductGroupID":1},{"ProductID":938641,"ProductGroupID":1},{"ProductID":939551,"ProductGroupID":1},{"ProductID":940982,"ProductGroupID":1},{"ProductID":942434,"ProductGroupID":1},{"ProductID":942436,"ProductGroupID":1},{"ProductID":942777,"ProductGroupID":1},{"ProductID":943230,"ProductGroupID":1},{"ProductID":943236,"ProductGroupID":1},{"ProductID":943238,"ProductGroupID":1},{"ProductID":943244,"ProductGroupID":1},{"ProductID":943247,"ProductGroupID":1},{"ProductID":947391,"ProductGroupID":1},{"ProductID":948194,"ProductGroupID":1},{"ProductID":948944,"ProductGroupID":1},{"ProductID":948946,"ProductGroupID":1},{"ProductID":948951,"ProductGroupID":1},{"ProductID":948959,"ProductGroupID":1},{"ProductID":948962,"ProductGroupID":1},{"ProductID":948969,"ProductGroupID":1},{"ProductID":948971,"ProductGroupID":1},{"ProductID":949389,"ProductGroupID":1},{"ProductID":949395,"ProductGroupID":1},{"ProductID":949397,"ProductGroupID":1},{"ProductID":949403,"ProductGroupID":1},{"ProductID":949412,"ProductGroupID":1},{"ProductID":949414,"ProductGroupID":1},{"ProductID":949420,"ProductGroupID":1},{"ProductID":949422,"ProductGroupID":1},{"ProductID":949429,"ProductGroupID":1},{"ProductID":949455,"ProductGroupID":1},{"ProductID":949463,"ProductGroupID":1},{"ProductID":949604,"ProductGroupID":1},{"ProductID":949606,"ProductGroupID":1},{"ProductID":950063,"ProductGroupID":1},{"ProductID":950065,"ProductGroupID":1},{"ProductID":950357,"ProductGroupID":1},{"ProductID":950831,"ProductGroupID":1},{"ProductID":950834,"ProductGroupID":1},{"ProductID":950840,"ProductGroupID":1},{"ProductID":950843,"ProductGroupID":1},{"ProductID":950866,"ProductGroupID":1},{"ProductID":37,"ProductGroupID":2},{"ProductID":42,"ProductGroupID":2},{"ProductID":43,"ProductGroupID":2},{"ProductID":87,"ProductGroupID":2},{"ProductID":92,"ProductGroupID":2},{"ProductID":253,"ProductGroupID":2},{"ProductID":369,"ProductGroupID":2},{"ProductID":394,"ProductGroupID":2},{"ProductID":936,"ProductGroupID":2},{"ProductID":970,"ProductGroupID":2},{"ProductID":2167,"ProductGroupID":2},{"ProductID":2234,"ProductGroupID":2},{"ProductID":2710,"ProductGroupID":2},{"ProductID":3029,"ProductGroupID":2},{"ProductID":4148,"ProductGroupID":2},{"ProductID":6368,"ProductGroupID":2},{"ProductID":12735,"ProductGroupID":2},{"ProductID":159,"ProductGroupID":4},{"ProductID":779,"ProductGroupID":4},{"ProductID":822,"ProductGroupID":4},{"ProductID":4164,"ProductGroupID":4},{"ProductID":4165,"ProductGroupID":4},{"ProductID":4314,"ProductGroupID":4},{"ProductID":6386,"ProductGroupID":4},{"ProductID":7279,"ProductGroupID":4},{"ProductID":8342,"ProductGroupID":4},{"ProductID":8651,"ProductGroupID":4},{"ProductID":8778,"ProductGroupID":4},{"ProductID":8867,"ProductGroupID":4},{"ProductID":8884,"ProductGroupID":4},{"ProductID":8886,"ProductGroupID":4},{"ProductID":9027,"ProductGroupID":4},{"ProductID":9293,"ProductGroupID":4},{"ProductID":9962,"ProductGroupID":4},{"ProductID":9963,"ProductGroupID":4},{"ProductID":10382,"ProductGroupID":4},{"ProductID":11114,"ProductGroupID":4},{"ProductID":11734,"ProductGroupID":4},{"ProductID":13197,"ProductGroupID":4},{"ProductID":13345,"ProductGroupID":4},{"ProductID":49588,"ProductGroupID":4},{"ProductID":61778,"ProductGroupID":4},{"ProductID":786130,"ProductGroupID":4},{"ProductID":865790,"ProductGroupID":4},{"ProductID":868029,"ProductGroupID":4},{"ProductID":875817,"ProductGroupID":4},{"ProductID":879136,"ProductGroupID":4},{"ProductID":891697,"ProductGroupID":4},{"ProductID":903745,"ProductGroupID":4},{"ProductID":943747,"ProductGroupID":4},{"ProductID":850758,"ProductGroupID":10},{"ProductID":850760,"ProductGroupID":10},{"ProductID":850766,"ProductGroupID":10},{"ProductID":850768,"ProductGroupID":10},{"ProductID":850791,"ProductGroupID":10},{"ProductID":851484,"ProductGroupID":10},{"ProductID":852663,"ProductGroupID":10},{"ProductID":852665,"ProductGroupID":10},{"ProductID":874383,"ProductGroupID":10},{"ProductID":874389,"ProductGroupID":10},{"ProductID":874391,"ProductGroupID":10},{"ProductID":874458,"ProductGroupID":10},{"ProductID":874464,"ProductGroupID":10},{"ProductID":901205,"ProductGroupID":10},{"ProductID":920424,"ProductGroupID":10},{"ProductID":931731,"ProductGroupID":10},{"ProductID":934857,"ProductGroupID":10},{"ProductID":937279,"ProductGroupID":10},{"ProductID":937281,"ProductGroupID":10},{"ProductID":944215,"ProductGroupID":10},{"ProductID":948349,"ProductGroupID":10},{"ProductID":948351,"ProductGroupID":10},{"ProductID":948353,"ProductGroupID":10},{"ProductID":7823,"ProductGroupID":12},{"ProductID":945161,"ProductGroupID":12},{"ProductID":19590,"ProductGroupID":13},{"ProductID":948377,"ProductGroupID":13},{"ProductID":2678,"ProductGroupID":15},{"ProductID":2750,"ProductGroupID":15},{"ProductID":11607,"ProductGroupID":15},{"ProductID":853894,"ProductGroupID":15},{"ProductID":853974,"ProductGroupID":15},{"ProductID":853976,"ProductGroupID":15},{"ProductID":854453,"ProductGroupID":15},{"ProductID":856765,"ProductGroupID":15},{"ProductID":857776,"ProductGroupID":15},{"ProductID":857778,"ProductGroupID":15},{"ProductID":859341,"ProductGroupID":15},{"ProductID":882988,"ProductGroupID":15},{"ProductID":882990,"ProductGroupID":15},{"ProductID":882996,"ProductGroupID":15},{"ProductID":882998,"ProductGroupID":15},{"ProductID":883004,"ProductGroupID":15},{"ProductID":883157,"ProductGroupID":15},{"ProductID":883162,"ProductGroupID":15},{"ProductID":889447,"ProductGroupID":15},{"ProductID":911935,"ProductGroupID":15},{"ProductID":914894,"ProductGroupID":15},{"ProductID":915362,"ProductGroupID":15},{"ProductID":938116,"ProductGroupID":15},{"ProductID":940737,"ProductGroupID":15},{"ProductID":940739,"ProductGroupID":15},{"ProductID":945000,"ProductGroupID":15},{"ProductID":945002,"ProductGroupID":15},{"ProductID":946821,"ProductGroupID":15},{"ProductID":946823,"ProductGroupID":15},{"ProductID":947273,"ProductGroupID":15},{"ProductID":950057,"ProductGroupID":15},{"ProductID":950066,"ProductGroupID":15},{"ProductID":950072,"ProductGroupID":15},{"ProductID":950074,"ProductGroupID":15},{"ProductID":950080,"ProductGroupID":15},{"ProductID":950082,"ProductGroupID":15},{"ProductID":950088,"ProductGroupID":15},{"ProductID":950090,"ProductGroupID":15},{"ProductID":950096,"ProductGroupID":15},{"ProductID":950098,"ProductGroupID":15},{"ProductID":950114,"ProductGroupID":15},{"ProductID":950116,"ProductGroupID":15},{"ProductID":950122,"ProductGroupID":15},{"ProductID":950124,"ProductGroupID":15},{"ProductID":950132,"ProductGroupID":15},{"ProductID":950138,"ProductGroupID":15},{"ProductID":950140,"ProductGroupID":15},{"ProductID":121960,"ProductGroupID":16},{"ProductID":109143,"ProductGroupID":22},{"ProductID":828698,"ProductGroupID":22},{"ProductID":828700,"ProductGroupID":22},{"ProductID":828707,"ProductGroupID":22},{"ProductID":843363,"ProductGroupID":22},{"ProductID":843365,"ProductGroupID":22},{"ProductID":848244,"ProductGroupID":22},{"ProductID":848250,"ProductGroupID":22},{"ProductID":848252,"ProductGroupID":22},{"ProductID":849456,"ProductGroupID":22},{"ProductID":878258,"ProductGroupID":22},{"ProductID":878260,"ProductGroupID":22},{"ProductID":880599,"ProductGroupID":22},{"ProductID":901914,"ProductGroupID":22},{"ProductID":947458,"ProductGroupID":22},{"ProductID":947492,"ProductGroupID":22},{"ProductID":948267,"ProductGroupID":22},{"ProductID":948325,"ProductGroupID":26},{"ProductID":949949,"ProductGroupID":26},{"ProductID":15254,"ProductGroupID":38},{"ProductID":32175,"ProductGroupID":38},{"ProductID":947824,"ProductGroupID":38},{"ProductID":948319,"ProductGroupID":38},{"ProductID":857595,"ProductGroupID":43},{"ProductID":875501,"ProductGroupID":43},{"ProductID":875503,"ProductGroupID":43},{"ProductID":1312,"ProductGroupID":44},{"ProductID":2160,"ProductGroupID":44},{"ProductID":3427,"ProductGroupID":44},{"ProductID":3738,"ProductGroupID":44},{"ProductID":4147,"ProductGroupID":44},{"ProductID":4231,"ProductGroupID":44},{"ProductID":6361,"ProductGroupID":44},{"ProductID":7288,"ProductGroupID":44},{"ProductID":8001,"ProductGroupID":44},{"ProductID":8700,"ProductGroupID":44},{"ProductID":8701,"ProductGroupID":44},{"ProductID":8719,"ProductGroupID":44},{"ProductID":8810,"ProductGroupID":44},{"ProductID":8876,"ProductGroupID":44},{"ProductID":9304,"ProductGroupID":44},{"ProductID":10198,"ProductGroupID":44},{"ProductID":10506,"ProductGroupID":44},{"ProductID":10507,"ProductGroupID":44},{"ProductID":10700,"ProductGroupID":44},{"ProductID":10892,"ProductGroupID":44},{"ProductID":11332,"ProductGroupID":44},{"ProductID":11668,"ProductGroupID":44},{"ProductID":11674,"ProductGroupID":44},{"ProductID":13482,"ProductGroupID":44},{"ProductID":13608,"ProductGroupID":44},{"ProductID":14423,"ProductGroupID":44},{"ProductID":15329,"ProductGroupID":44},{"ProductID":16855,"ProductGroupID":44},{"ProductID":19565,"ProductGroupID":44},{"ProductID":20207,"ProductGroupID":44},{"ProductID":24267,"ProductGroupID":44},{"ProductID":30170,"ProductGroupID":44},{"ProductID":587745,"ProductGroupID":44},{"ProductID":587747,"ProductGroupID":44},{"ProductID":946913,"ProductGroupID":73},{"ProductID":944230,"ProductGroupID":74},{"ProductID":835709,"ProductGroupID":77},{"ProductID":888555,"ProductGroupID":77},{"ProductID":932557,"ProductGroupID":77},{"ProductID":14558,"ProductGroupID":78},{"ProductID":946854,"ProductGroupID":86},{"ProductID":949113,"ProductGroupID":86},{"ProductID":949553,"ProductGroupID":86},{"ProductID":950372,"ProductGroupID":95},{"ProductID":927985,"ProductGroupID":108},{"ProductID":927995,"ProductGroupID":108},{"ProductID":927997,"ProductGroupID":108},{"ProductID":949018,"ProductGroupID":108},{"ProductID":949020,"ProductGroupID":108},{"ProductID":939437,"ProductGroupID":114},{"ProductID":821822,"ProductGroupID":139},{"ProductID":935933,"ProductGroupID":139},{"ProductID":935935,"ProductGroupID":139},{"ProductID":936478,"ProductGroupID":139},{"ProductID":939746,"ProductGroupID":139},{"ProductID":939752,"ProductGroupID":139},{"ProductID":940214,"ProductGroupID":149},{"ProductID":948301,"ProductGroupID":149},{"ProductID":949870,"ProductGroupID":149},{"ProductID":949872,"ProductGroupID":149},{"ProductID":949055,"ProductGroupID":164},{"ProductID":948316,"ProductGroupID":167},{"ProductID":949336,"ProductGroupID":168},{"ProductID":949338,"ProductGroupID":168},{"ProductID":949346,"ProductGroupID":168},{"ProductID":949354,"ProductGroupID":168},{"ProductID":949172,"ProductGroupID":173},{"ProductID":945436,"ProductGroupID":174},{"ProductID":948017,"ProductGroupID":174},{"ProductID":947424,"ProductGroupID":175},{"ProductID":948600,"ProductGroupID":175},{"ProductID":373265,"ProductGroupID":187},{"ProductID":690503,"ProductGroupID":187},{"ProductID":502431,"ProductGroupID":188},{"ProductID":549356,"ProductGroupID":188},{"ProductID":549358,"ProductGroupID":188},{"ProductID":551930,"ProductGroupID":188},{"ProductID":551932,"ProductGroupID":188},{"ProductID":562400,"ProductGroupID":188},{"ProductID":575055,"ProductGroupID":188},{"ProductID":940712,"ProductGroupID":188},{"ProductID":947079,"ProductGroupID":188},{"ProductID":950305,"ProductGroupID":199},{"ProductID":950307,"ProductGroupID":199},{"ProductID":608435,"ProductGroupID":219},{"ProductID":728331,"ProductGroupID":219},{"ProductID":772610,"ProductGroupID":219},{"ProductID":941985,"ProductGroupID":219},{"ProductID":944774,"ProductGroupID":219},{"ProductID":945742,"ProductGroupID":219},{"ProductID":948642,"ProductGroupID":219},{"ProductID":948644,"ProductGroupID":219},{"ProductID":950457,"ProductGroupID":220},{"ProductID":950465,"ProductGroupID":220},{"ProductID":950467,"ProductGroupID":220},{"ProductID":950473,"ProductGroupID":220},{"ProductID":950475,"ProductGroupID":220},{"ProductID":950481,"ProductGroupID":220},{"ProductID":950483,"ProductGroupID":220},{"ProductID":950489,"ProductGroupID":220},{"ProductID":950491,"ProductGroupID":220},{"ProductID":950497,"ProductGroupID":220},{"ProductID":950499,"ProductGroupID":220},{"ProductID":391428,"ProductGroupID":23},{"ProductID":391430,"ProductGroupID":23},{"ProductID":479511,"ProductGroupID":23},{"ProductID":479514,"ProductGroupID":23},{"ProductID":548859,"ProductGroupID":23},{"ProductID":892251,"ProductGroupID":23},{"ProductID":925792,"ProductGroupID":23},{"ProductID":925794,"ProductGroupID":23},{"ProductID":935145,"ProductGroupID":23},{"ProductID":935435,"ProductGroupID":23},{"ProductID":935437,"ProductGroupID":23},{"ProductID":936129,"ProductGroupID":23},{"ProductID":936131,"ProductGroupID":23},{"ProductID":939515,"ProductGroupID":23},{"ProductID":17421,"ProductGroupID":29},{"ProductID":937661,"ProductGroupID":30},{"ProductID":786134,"ProductGroupID":44},{"ProductID":792981,"ProductGroupID":44},{"ProductID":803318,"ProductGroupID":44},{"ProductID":806733,"ProductGroupID":44},{"ProductID":807685,"ProductGroupID":44},{"ProductID":811891,"ProductGroupID":44},{"ProductID":821665,"ProductGroupID":44},{"ProductID":828024,"ProductGroupID":44},{"ProductID":840116,"ProductGroupID":44},{"ProductID":848038,"ProductGroupID":44},{"ProductID":848132,"ProductGroupID":44},{"ProductID":849282,"ProductGroupID":44},{"ProductID":849575,"ProductGroupID":44},{"ProductID":867266,"ProductGroupID":44},{"ProductID":875206,"ProductGroupID":44},{"ProductID":881112,"ProductGroupID":44},{"ProductID":881114,"ProductGroupID":44},{"ProductID":881136,"ProductGroupID":44},{"ProductID":897542,"ProductGroupID":44},{"ProductID":907527,"ProductGroupID":44},{"ProductID":912323,"ProductGroupID":44},{"ProductID":921139,"ProductGroupID":44},{"ProductID":923004,"ProductGroupID":44},{"ProductID":925959,"ProductGroupID":44},{"ProductID":928377,"ProductGroupID":44},{"ProductID":930857,"ProductGroupID":44},{"ProductID":930858,"ProductGroupID":44},{"ProductID":931845,"ProductGroupID":44},{"ProductID":932087,"ProductGroupID":44},{"ProductID":943753,"ProductGroupID":44},{"ProductID":947111,"ProductGroupID":44},{"ProductID":947904,"ProductGroupID":44},{"ProductID":8472,"ProductGroupID":58},{"ProductID":14571,"ProductGroupID":58},{"ProductID":14572,"ProductGroupID":58},{"ProductID":14731,"ProductGroupID":58},{"ProductID":19485,"ProductGroupID":58},{"ProductID":19993,"ProductGroupID":58},{"ProductID":66079,"ProductGroupID":58},{"ProductID":91015,"ProductGroupID":58},{"ProductID":112247,"ProductGroupID":58},{"ProductID":119292,"ProductGroupID":58},{"ProductID":127045,"ProductGroupID":58},{"ProductID":154020,"ProductGroupID":58},{"ProductID":470293,"ProductGroupID":77},{"ProductID":806708,"ProductGroupID":77},{"ProductID":806710,"ProductGroupID":77},{"ProductID":949766,"ProductGroupID":83},{"ProductID":949769,"ProductGroupID":83},{"ProductID":949775,"ProductGroupID":83},{"ProductID":926168,"ProductGroupID":84},{"ProductID":942830,"ProductGroupID":84},{"ProductID":942832,"ProductGroupID":84},{"ProductID":942838,"ProductGroupID":84},{"ProductID":942848,"ProductGroupID":84},{"ProductID":942855,"ProductGroupID":84},{"ProductID":942857,"ProductGroupID":84},{"ProductID":943181,"ProductGroupID":84},{"ProductID":944117,"ProductGroupID":84},{"ProductID":925992,"ProductGroupID":91},{"ProductID":927966,"ProductGroupID":91},{"ProductID":927968,"ProductGroupID":91},{"ProductID":927974,"ProductGroupID":91},{"ProductID":927976,"ProductGroupID":91},{"ProductID":927983,"ProductGroupID":91},{"ProductID":927991,"ProductGroupID":91},{"ProductID":927999,"ProductGroupID":91},{"ProductID":930214,"ProductGroupID":91},{"ProductID":938460,"ProductGroupID":91},{"ProductID":943608,"ProductGroupID":91},{"ProductID":943610,"ProductGroupID":91},{"ProductID":944886,"ProductGroupID":91},{"ProductID":944888,"ProductGroupID":91},{"ProductID":947187,"ProductGroupID":91},{"ProductID":947846,"ProductGroupID":91},{"ProductID":948373,"ProductGroupID":91},{"ProductID":949057,"ProductGroupID":91},{"ProductID":949059,"ProductGroupID":91},{"ProductID":942222,"ProductGroupID":96},{"ProductID":927533,"ProductGroupID":97},{"ProductID":927539,"ProductGroupID":97},{"ProductID":927664,"ProductGroupID":97},{"ProductID":927666,"ProductGroupID":97},{"ProductID":927672,"ProductGroupID":97},{"ProductID":927674,"ProductGroupID":97},{"ProductID":928349,"ProductGroupID":97},{"ProductID":928357,"ProductGroupID":97},{"ProductID":928359,"ProductGroupID":97},{"ProductID":928583,"ProductGroupID":97},{"ProductID":928585,"ProductGroupID":97},{"ProductID":928591,"ProductGroupID":97},{"ProductID":928593,"ProductGroupID":97},{"ProductID":928599,"ProductGroupID":97},{"ProductID":928601,"ProductGroupID":97},{"ProductID":928603,"ProductGroupID":97},{"ProductID":928609,"ProductGroupID":97},{"ProductID":928611,"ProductGroupID":97},{"ProductID":928617,"ProductGroupID":97},{"ProductID":931148,"ProductGroupID":97},{"ProductID":934009,"ProductGroupID":97},{"ProductID":934015,"ProductGroupID":97},{"ProductID":934017,"ProductGroupID":97},{"ProductID":934023,"ProductGroupID":97},{"ProductID":935636,"ProductGroupID":97},{"ProductID":937183,"ProductGroupID":97},{"ProductID":937185,"ProductGroupID":97},{"ProductID":938612,"ProductGroupID":97},{"ProductID":939990,"ProductGroupID":97},{"ProductID":941736,"ProductGroupID":97},{"ProductID":941738,"ProductGroupID":97},{"ProductID":941744,"ProductGroupID":97},{"ProductID":929295,"ProductGroupID":99},{"ProductID":949065,"ProductGroupID":99},{"ProductID":946749,"ProductGroupID":102},{"ProductID":948230,"ProductGroupID":102},{"ProductID":947722,"ProductGroupID":103},{"ProductID":866139,"ProductGroupID":137},{"ProductID":879241,"ProductGroupID":137},{"ProductID":879249,"ProductGroupID":137},{"ProductID":948487,"ProductGroupID":153},{"ProductID":948848,"ProductGroupID":154},{"ProductID":949499,"ProductGroupID":154},{"ProductID":933574,"ProductGroupID":177},{"ProductID":942688,"ProductGroupID":177},{"ProductID":587582,"ProductGroupID":195},{"ProductID":949975,"ProductGroupID":215},{"ProductID":913785,"ProductGroupID":232},{"ProductID":937700,"ProductGroupID":256},{"ProductID":937776,"ProductGroupID":256},{"ProductID":938378,"ProductGroupID":256},{"ProductID":938529,"ProductGroupID":256},{"ProductID":938535,"ProductGroupID":256},{"ProductID":938580,"ProductGroupID":256},{"ProductID":939047,"ProductGroupID":256},{"ProductID":939832,"ProductGroupID":256},{"ProductID":940025,"ProductGroupID":256},{"ProductID":940460,"ProductGroupID":256},{"ProductID":940466,"ProductGroupID":256},{"ProductID":940468,"ProductGroupID":256},{"ProductID":940683,"ProductGroupID":256},{"ProductID":940685,"ProductGroupID":256},{"ProductID":940691,"ProductGroupID":256},{"ProductID":940693,"ProductGroupID":256},{"ProductID":940933,"ProductGroupID":256},{"ProductID":941134,"ProductGroupID":256},{"ProductID":941861,"ProductGroupID":256},{"ProductID":943042,"ProductGroupID":256},{"ProductID":943115,"ProductGroupID":256},{"ProductID":943117,"ProductGroupID":256},{"ProductID":943123,"ProductGroupID":256},{"ProductID":943125,"ProductGroupID":256},{"ProductID":944894,"ProductGroupID":256},{"ProductID":947220,"ProductGroupID":256},{"ProductID":948448,"ProductGroupID":256},{"ProductID":948814,"ProductGroupID":256},{"ProductID":949089,"ProductGroupID":256},{"ProductID":949575,"ProductGroupID":256},{"ProductID":949577,"ProductGroupID":256},{"ProductID":949607,"ProductGroupID":256},{"ProductID":950354,"ProductGroupID":256},{"ProductID":850920,"ProductGroupID":258},{"ProductID":873592,"ProductGroupID":258},{"ProductID":873594,"ProductGroupID":258},{"ProductID":940275,"ProductGroupID":258},{"ProductID":945825,"ProductGroupID":258},{"ProductID":949081,"ProductGroupID":258},{"ProductID":57663,"ProductGroupID":272},{"ProductID":941471,"ProductGroupID":289},{"ProductID":942005,"ProductGroupID":298},{"ProductID":943109,"ProductGroupID":301},{"ProductID":943131,"ProductGroupID":304},{"ProductID":783062,"ProductGroupID":330},{"ProductID":907326,"ProductGroupID":364},{"ProductID":907328,"ProductGroupID":364},{"ProductID":907334,"ProductGroupID":364},{"ProductID":907336,"ProductGroupID":364},{"ProductID":907342,"ProductGroupID":364},{"ProductID":907344,"ProductGroupID":364},{"ProductID":907792,"ProductGroupID":364},{"ProductID":907794,"ProductGroupID":364},{"ProductID":907796,"ProductGroupID":364},{"ProductID":907802,"ProductGroupID":364},{"ProductID":907804,"ProductGroupID":364},{"ProductID":907810,"ProductGroupID":364},{"ProductID":907812,"ProductGroupID":364},{"ProductID":930266,"ProductGroupID":364},{"ProductID":930397,"ProductGroupID":364},{"ProductID":930399,"ProductGroupID":364},{"ProductID":933975,"ProductGroupID":364},{"ProductID":939965,"ProductGroupID":364},{"ProductID":940903,"ProductGroupID":364},{"ProductID":941636,"ProductGroupID":364},{"ProductID":941638,"ProductGroupID":364},{"ProductID":941644,"ProductGroupID":364},{"ProductID":941646,"ProductGroupID":364},{"ProductID":940858,"ProductGroupID":365},{"ProductID":950505,"ProductGroupID":220},{"ProductID":950507,"ProductGroupID":220},{"ProductID":950509,"ProductGroupID":220},{"ProductID":880398,"ProductGroupID":227},{"ProductID":880400,"ProductGroupID":227},{"ProductID":948291,"ProductGroupID":246},{"ProductID":939500,"ProductGroupID":275},{"ProductID":620378,"ProductGroupID":291},{"ProductID":638770,"ProductGroupID":291},{"ProductID":762632,"ProductGroupID":291},{"ProductID":944514,"ProductGroupID":291},{"ProductID":942418,"ProductGroupID":297},{"ProductID":942979,"ProductGroupID":297},{"ProductID":820635,"ProductGroupID":304},{"ProductID":879648,"ProductGroupID":304},{"ProductID":920067,"ProductGroupID":330},{"ProductID":878700,"ProductGroupID":333},{"ProductID":943822,"ProductGroupID":353},{"ProductID":311280,"ProductGroupID":1},{"ProductID":371393,"ProductGroupID":1},{"ProductID":371395,"ProductGroupID":1},{"ProductID":372789,"ProductGroupID":1},{"ProductID":396148,"ProductGroupID":1},{"ProductID":411062,"ProductGroupID":1},{"ProductID":457564,"ProductGroupID":1},{"ProductID":499235,"ProductGroupID":1},{"ProductID":576140,"ProductGroupID":1},{"ProductID":639479,"ProductGroupID":1},{"ProductID":947157,"ProductGroupID":8},{"ProductID":948927,"ProductGroupID":8},{"ProductID":428191,"ProductGroupID":15},{"ProductID":434215,"ProductGroupID":15},{"ProductID":43177,"ProductGroupID":23},{"ProductID":371595,"ProductGroupID":23},{"ProductID":371597,"ProductGroupID":23},{"ProductID":479507,"ProductGroupID":23},{"ProductID":479509,"ProductGroupID":23},{"ProductID":479516,"ProductGroupID":23},{"ProductID":548857,"ProductGroupID":23},{"ProductID":716342,"ProductGroupID":23},{"ProductID":902193,"ProductGroupID":23},{"ProductID":935141,"ProductGroupID":23},{"ProductID":935147,"ProductGroupID":23},{"ProductID":935150,"ProductGroupID":23},{"ProductID":936133,"ProductGroupID":23},{"ProductID":948562,"ProductGroupID":30},{"ProductID":857860,"ProductGroupID":41},{"ProductID":786140,"ProductGroupID":44},{"ProductID":786150,"ProductGroupID":44},{"ProductID":788564,"ProductGroupID":44},{"ProductID":799828,"ProductGroupID":44},{"ProductID":799829,"ProductGroupID":44},{"ProductID":809695,"ProductGroupID":44},{"ProductID":810748,"ProductGroupID":44},{"ProductID":828240,"ProductGroupID":44},{"ProductID":828245,"ProductGroupID":44},{"ProductID":838332,"ProductGroupID":44},{"ProductID":838391,"ProductGroupID":44},{"ProductID":848135,"ProductGroupID":44},{"ProductID":849064,"ProductGroupID":44},{"ProductID":849571,"ProductGroupID":44},{"ProductID":851468,"ProductGroupID":44},{"ProductID":852690,"ProductGroupID":44},{"ProductID":867264,"ProductGroupID":44},{"ProductID":867269,"ProductGroupID":44},{"ProductID":868189,"ProductGroupID":44},{"ProductID":880425,"ProductGroupID":44},{"ProductID":881098,"ProductGroupID":44},{"ProductID":881107,"ProductGroupID":44},{"ProductID":881109,"ProductGroupID":44},{"ProductID":889324,"ProductGroupID":44},{"ProductID":892288,"ProductGroupID":44},{"ProductID":892289,"ProductGroupID":44},{"ProductID":893142,"ProductGroupID":44},{"ProductID":898522,"ProductGroupID":44},{"ProductID":902703,"ProductGroupID":44},{"ProductID":912962,"ProductGroupID":44},{"ProductID":923007,"ProductGroupID":44},{"ProductID":927293,"ProductGroupID":44},{"ProductID":930854,"ProductGroupID":44},{"ProductID":932491,"ProductGroupID":44},{"ProductID":933161,"ProductGroupID":44},{"ProductID":937370,"ProductGroupID":44},{"ProductID":940980,"ProductGroupID":44},{"ProductID":940981,"ProductGroupID":44},{"ProductID":941959,"ProductGroupID":44},{"ProductID":943912,"ProductGroupID":44},{"ProductID":944090,"ProductGroupID":44},{"ProductID":944767,"ProductGroupID":44},{"ProductID":947106,"ProductGroupID":44},{"ProductID":64970,"ProductGroupID":58},{"ProductID":90708,"ProductGroupID":58},{"ProductID":806704,"ProductGroupID":77},{"ProductID":806706,"ProductGroupID":77},{"ProductID":806713,"ProductGroupID":77},{"ProductID":949764,"ProductGroupID":83},{"ProductID":949771,"ProductGroupID":83},{"ProductID":949773,"ProductGroupID":83},{"ProductID":621789,"ProductGroupID":84},{"ProductID":926164,"ProductGroupID":84},{"ProductID":926166,"ProductGroupID":84},{"ProductID":933191,"ProductGroupID":84},{"ProductID":942828,"ProductGroupID":84},{"ProductID":942834,"ProductGroupID":84},{"ProductID":942836,"ProductGroupID":84},{"ProductID":942844,"ProductGroupID":84},{"ProductID":942846,"ProductGroupID":84},{"ProductID":942859,"ProductGroupID":84},{"ProductID":942861,"ProductGroupID":84},{"ProductID":942863,"ProductGroupID":84},{"ProductID":15059,"ProductGroupID":85},{"ProductID":927467,"ProductGroupID":91},{"ProductID":927970,"ProductGroupID":91},{"ProductID":927972,"ProductGroupID":91},{"ProductID":927977,"ProductGroupID":91},{"ProductID":927979,"ProductGroupID":91},{"ProductID":927987,"ProductGroupID":91},{"ProductID":937455,"ProductGroupID":91},{"ProductID":941105,"ProductGroupID":91},{"ProductID":942218,"ProductGroupID":91},{"ProductID":942659,"ProductGroupID":91},{"ProductID":943606,"ProductGroupID":91},{"ProductID":945704,"ProductGroupID":91},{"ProductID":947848,"ProductGroupID":91},{"ProductID":948592,"ProductGroupID":91},{"ProductID":949061,"ProductGroupID":91},{"ProductID":949063,"ProductGroupID":91},{"ProductID":949614,"ProductGroupID":91},{"ProductID":939495,"ProductGroupID":96},{"ProductID":949932,"ProductGroupID":96},{"ProductID":927535,"ProductGroupID":97},{"ProductID":927537,"ProductGroupID":97},{"ProductID":927662,"ProductGroupID":97},{"ProductID":927668,"ProductGroupID":97},{"ProductID":927670,"ProductGroupID":97},{"ProductID":927676,"ProductGroupID":97},{"ProductID":927678,"ProductGroupID":97},{"ProductID":928353,"ProductGroupID":97},{"ProductID":928355,"ProductGroupID":97},{"ProductID":928361,"ProductGroupID":97},{"ProductID":928363,"ProductGroupID":97},{"ProductID":928365,"ProductGroupID":97},{"ProductID":928587,"ProductGroupID":97},{"ProductID":928589,"ProductGroupID":97},{"ProductID":928595,"ProductGroupID":97},{"ProductID":928597,"ProductGroupID":97},{"ProductID":928605,"ProductGroupID":97},{"ProductID":928607,"ProductGroupID":97},{"ProductID":928613,"ProductGroupID":97},{"ProductID":928615,"ProductGroupID":97},{"ProductID":931152,"ProductGroupID":97},{"ProductID":934011,"ProductGroupID":97},{"ProductID":934013,"ProductGroupID":97},{"ProductID":934019,"ProductGroupID":97},{"ProductID":934021,"ProductGroupID":97},{"ProductID":934027,"ProductGroupID":97},{"ProductID":934044,"ProductGroupID":97},{"ProductID":934687,"ProductGroupID":97},{"ProductID":935951,"ProductGroupID":97},{"ProductID":937187,"ProductGroupID":97},{"ProductID":939034,"ProductGroupID":97},{"ProductID":939987,"ProductGroupID":97},{"ProductID":939993,"ProductGroupID":97},{"ProductID":940220,"ProductGroupID":97},{"ProductID":941732,"ProductGroupID":97},{"ProductID":941734,"ProductGroupID":97},{"ProductID":941740,"ProductGroupID":97},{"ProductID":941742,"ProductGroupID":97},{"ProductID":945702,"ProductGroupID":99},{"ProductID":879243,"ProductGroupID":137},{"ProductID":879245,"ProductGroupID":137},{"ProductID":879247,"ProductGroupID":137},{"ProductID":948483,"ProductGroupID":153},{"ProductID":948485,"ProductGroupID":153},{"ProductID":944015,"ProductGroupID":171},{"ProductID":944367,"ProductGroupID":172},{"ProductID":942937,"ProductGroupID":177},{"ProductID":949973,"ProductGroupID":215},{"ProductID":853264,"ProductGroupID":232},{"ProductID":950355,"ProductGroupID":232},{"ProductID":949561,"ProductGroupID":233},{"ProductID":876222,"ProductGroupID":256},{"ProductID":936586,"ProductGroupID":256},{"ProductID":937696,"ProductGroupID":256},{"ProductID":938531,"ProductGroupID":256},{"ProductID":938533,"ProductGroupID":256},{"ProductID":939049,"ProductGroupID":256},{"ProductID":939051,"ProductGroupID":256},{"ProductID":939057,"ProductGroupID":256},{"ProductID":939059,"ProductGroupID":256},{"ProductID":939828,"ProductGroupID":256},{"ProductID":939834,"ProductGroupID":256},{"ProductID":939836,"ProductGroupID":256},{"ProductID":940062,"ProductGroupID":256},{"ProductID":940689,"ProductGroupID":256},{"ProductID":941130,"ProductGroupID":256},{"ProductID":941132,"ProductGroupID":256},{"ProductID":942309,"ProductGroupID":256},{"ProductID":943119,"ProductGroupID":256},{"ProductID":943121,"ProductGroupID":256},{"ProductID":943127,"ProductGroupID":256},{"ProductID":944365,"ProductGroupID":256},{"ProductID":944572,"ProductGroupID":256},{"ProductID":946147,"ProductGroupID":256},{"ProductID":947214,"ProductGroupID":256},{"ProductID":947216,"ProductGroupID":256},{"ProductID":948193,"ProductGroupID":256},{"ProductID":948436,"ProductGroupID":256},{"ProductID":948445,"ProductGroupID":256},{"ProductID":949085,"ProductGroupID":256},{"ProductID":949087,"ProductGroupID":256},{"ProductID":949253,"ProductGroupID":256},{"ProductID":949571,"ProductGroupID":256},{"ProductID":949573,"ProductGroupID":256},{"ProductID":949938,"ProductGroupID":256},{"ProductID":937439,"ProductGroupID":258},{"ProductID":939509,"ProductGroupID":258},{"ProductID":940277,"ProductGroupID":258},{"ProductID":940714,"ProductGroupID":258},{"ProductID":942553,"ProductGroupID":258},{"ProductID":8618,"ProductGroupID":272},{"ProductID":926590,"ProductGroupID":298},{"ProductID":926592,"ProductGroupID":298},{"ProductID":928472,"ProductGroupID":298},{"ProductID":942007,"ProductGroupID":298},{"ProductID":943129,"ProductGroupID":304},{"ProductID":945434,"ProductGroupID":304},{"ProductID":907330,"ProductGroupID":364},{"ProductID":907332,"ProductGroupID":364},{"ProductID":907338,"ProductGroupID":364},{"ProductID":907340,"ProductGroupID":364},{"ProductID":907346,"ProductGroupID":364},{"ProductID":907798,"ProductGroupID":364},{"ProductID":907800,"ProductGroupID":364},{"ProductID":907806,"ProductGroupID":364},{"ProductID":907808,"ProductGroupID":364},{"ProductID":930393,"ProductGroupID":364},{"ProductID":930395,"ProductGroupID":364},{"ProductID":939963,"ProductGroupID":364},{"ProductID":941632,"ProductGroupID":364},{"ProductID":941634,"ProductGroupID":364},{"ProductID":941640,"ProductGroupID":364},{"ProductID":941642,"ProductGroupID":364},{"ProductID":943422,"ProductGroupID":365},{"ProductID":943436,"ProductGroupID":365}]